-- AI学习平台 L1-L5 课程数据 (UUID格式)
-- Generated: 2026-06-15T12:25:52.404Z

BEGIN;
TRUNCATE TABLE sections CASCADE;
TRUNCATE TABLE chapters CASCADE;
TRUNCATE TABLE courses CASCADE;

-- ====== L1: AI入门与工具使用 ======
INSERT INTO courses(id, code, title, level, description, cover_url, sort_order, xp_reward, is_required, estimated_hours) VALUES(
  'ca02e7e9-cf06-346c-5d9e-39144454df4e'::uuid,
  'L1_AI_INTRO_TOOLS',
  'AI入门与工具使用',
  1,
  '零基础入门AI，学习使用主流AI工具提升工作效率和创造力。无需编程基础，适合所有想了解AI的人。',
  'https://example.com/thumbnails/l1-ai-intro.jpg',
  1,
  200,
  true,
  2
);

INSERT INTO chapters(id, course_id, title, sort_order) VALUES(
  'f85413c0-201e-b980-b992-0c89c131801c'::uuid,
  'ca02e7e9-cf06-346c-5d9e-39144454df4e'::uuid,
  '第1章：认识AI',
  1
);
INSERT INTO sections(id, chapter_id, title, content_type, content, duration_minutes, sort_order) VALUES(
  '31f636c0-db7b-8894-034b-7b7162b50299'::uuid,
  'f85413c0-201e-b980-b992-0c89c131801c'::uuid,
  '1.1 什么是人工智能',
  'markdown',
  '[{"type":"markdown","content":"\n# 1.1 什么是人工智能\n\n## 学习目标\n\n通过本节学习，你将能够：\n- 理解人工智能的定义和核心概念\n- 识别AI在日常生活中的应用场景\n- 区分不同类型的AI（ANI、AGI、ASI）\n- 了解AI的发展历程和重要里程碑\n\n---\n\n## 1.1.1 AI是什么？\n\n### 从生活场景理解AI\n\n**场景1：手机拍照**\n当你用手机拍照时，AI会自动：\n- 识别人脸并美颜\n- 场景检测（夜景、人像、风景）\n- 自动调整参数（HDR、曝光）\n\n**场景2：视频推荐**\n抖音、B站的推荐系统：\n- 分析你的观看历史\n- 预测你喜欢的视频类型\n- 实时调整推荐策略\n\n**场景3：语音助手**\nSiri、小爱同学、天猫精灵：\n- 语音识别（听懂你说的话）\n- 自然语言理解（理解意图）\n- 语音合成（回答你的问题）\n\n### 人工智能的定义\n\n**学术定义**：\n> 人工智能（Artificial Intelligence, AI）是计算机科学的一个分支，致力于创建能够模拟人类智能行为的系统。\n\n**通俗理解**：\n> 让机器像人一样思考、学习、决策和执行任务。\n\n**核心要素**：\n1. **感知**：看懂、听懂、读懂（视觉、语音、文本）\n2. **理解**：分析问题、提取信息\n3. **决策**：选择最佳方案\n4. **执行**：完成任务\n\n---\n\n## 1.1.2 AI的分类\n\n### 按能力分类\n\n| 类型 | 全称 | 定义 | 例子 |\n|------|------|------|------|\n| **ANI** | 弱人工智能（Artificial Narrow Intelligence） | 专注于单一任务 | Siri、AlphaGo、自动驾驶 |\n| **AGI** | 通用人工智能（Artificial General Intelligence） | 像人一样通用智能 | 尚未实现 |\n| **ASI** | 超级人工智能（Artificial Superintelligence） | 超越人类智能 | 科幻概念 |\n\n**当前阶段**：我们处于**ANI时代**，AI在特定领域超越人类，但无法跨领域迁移。\n\n### 按技术分类\n\n1. **机器学习（Machine Learning）**\n   - 从数据中学习规律\n   - 例子：垃圾邮件过滤、房价预测\n\n2. **深度学习（Deep Learning）**\n   - 使用神经网络模拟人脑\n   - 例子：图像识别、语音识别\n\n3. **自然语言处理（NLP）**\n   - 理解和生成人类语言\n   - 例子：机器翻译、智能客服\n\n4. **计算机视觉（Computer Vision）**\n   - 理解和分析图像/视频\n   - 例子：人脸识别、自动驾驶\n\n5. **强化学习（Reinforcement Learning）**\n   - 通过试错学习最优策略\n   - 例子：AlphaGo、游戏AI\n\n---\n\n## 1.1.3 AI的发展历程\n\n### 三次AI浪潮\n\n**第一次浪潮（1950s-1970s）：符号主义**\n- 1950年：图灵提出\"图灵测试\"\n- 1956年：达特茅斯会议，\"人工智能\"诞生\n- 1970s：专家系统兴起\n- **局限**：计算能力有限，知识表示困难\n\n**第二次浪潮（1980s-1990s）：机器学习**\n- 1986年：反向传播算法提出\n- 1997年：IBM深蓝战胜国际象棋冠军\n- **局限**：数据不足，算法不够强大\n\n**第三次浪潮（2006至今）：深度学习**\n- 2006年：Hinton提出深度学习\n- 2012年：AlexNet在ImageNet夺冠\n- 2016年：AlphaGo战胜李世石\n- 2022年：ChatGPT发布，AI大模型时代\n\n### 重要里程碑\n\n\\`\\`\\`\n1950 ─── 图灵测试\n  ↓\n1956 ─── 达特茅斯会议（AI诞生）\n  ↓\n1997 ─── 深蓝战胜卡斯帕罗夫\n  ↓\n2012 ─── AlexNet（深度学习爆发）\n  ↓\n2016 ─── AlphaGo（强化学习）\n  ↓\n2022 ─── ChatGPT（大模型时代）\n  ↓\n2024 ─── GPT-4、Claude、Gemini（多模态）\n\\`\\`\\`\n\n---\n\n## 1.1.4 AI在日常生活中的应用\n\n### 1. 办公效率\n\n**文档处理**：\n- Grammarly：英文语法检查\n- Notion AI：智能写作助手\n- WPS AI：中文文档智能处理\n\n**会议助手**：\n- 飞书妙记：会议录音转文字\n- Zoom AI：自动生成会议纪要\n\n**邮件处理**：\n- Outlook AI：智能回复建议\n- Gmail Smart Compose：邮件自动补全\n\n### 2. 创意设计\n\n**图像生成**：\n- Midjourney：艺术风格图像\n- Stable Diffusion：开源图像生成\n- DALL-E 3：逼真图像生成\n\n**视频制作**：\n- Runway ML：AI视频编辑\n- Synthesia：AI数字人视频\n- CapCut：智能剪辑\n\n**音乐创作**：\n- Suno AI：文本生成音乐\n- AIVA：AI作曲\n\n### 3. 学习辅助\n\n**语言学习**：\n- Duolingo：AI个性化学习路径\n- Grammarly：写作纠错\n\n**知识问答**：\n- ChatGPT：通用知识问答\n- Perplexity：AI搜索引擎\n\n**代码学习**：\n- GitHub Copilot：代码自动补全\n- Replit Ghostwriter：AI编程助手\n\n### 4. 生活服务\n\n**智能推荐**：\n- 抖音/B站：视频推荐\n- 淘宝/京东：商品推荐\n- 美团/饿了么：餐厅推荐\n\n**导航出行**：\n- 高德/百度地图：实时路况、路线规划\n- 滴滴/网约车：智能派单\n\n**健康监测**：\n- Apple Watch：心率监测、跌倒检测\n- 智能手环：睡眠分析\n\n---\n\n## 1.1.5 AI的局限性\n\n### 当前AI的不足\n\n1. **缺乏常识**\n   - 例子：AI可能生成\"在水中点火\"的图像\n   - 原因：只能从数据统计中学习，不理解物理世界\n\n2. **幻觉问题（Hallucination）**\n   - 例子：ChatGPT可能编造不存在的文献\n   - 原因：模型倾向于生成\"看起来合理\"的内容\n\n3. **数据依赖**\n   - 例子：数据不足时性能下降\n   - 原因：需要从大量数据中学习\n\n4. **黑盒问题**\n   - 例子：无法解释为什么做出某个决策\n   - 原因：神经网络内部复杂，难以解释\n\n5. **偏见问题**\n   - 例子：人脸识别对深色皮肤准确率较低\n   - 原因：训练数据不平衡\n\n### 如何正确看待AI\n\n**AI是工具，不是魔法**：\n- ✅ 善用AI提升效率\n- ❌ 不要盲目相信AI的输出\n\n**AI是助手，不是替代**：\n- ✅ 让AI处理重复性工作\n- ✅ 人类专注于创造性和决策性工作\n\n**持续学习，与AI共舞**：\n- ✅ 学习如何使用AI工具\n- ✅ 理解AI的能力边界\n\n---\n\n## 实战练习\n\n### 练习1：寻找身边的AI\n\n**任务**：在一天内，记录你遇到的所有AI应用。\n\n**示例记录表**：\n\n| 时间 | 场景 | AI应用 | AI类型 |\n|------|------|--------|--------|\n| 早上8:00 | 刷抖音 | 视频推荐 | 推荐系统 |\n| 上午10:00 | 写邮件 | Gmail智能回复 | NLP |\n| 中午12:00 | 点外卖 | 餐厅推荐 | 推荐系统 |\n| 下午3:00 | 拍照 | 美颜滤镜 | 计算机视觉 |\n\n**提交**：将记录表提交到学习平台。\n\n### 练习2：体验不同的AI工具\n\n**任务**：注册并使用以下AI工具，每个至少10分钟。\n\n1. **对话AI**：ChatGPT / Claude / 文心一言\n2. **图像生成**：Midjourney / Stable Diffusion / 文心一格\n3. **办公AI**：Notion AI / WPS AI / 飞书智能伙伴\n\n**反思问题**：\n- 哪个工具最让你惊喜？为什么？\n- 哪个工具让你失望？为什么？\n- 你能想到这些工具在工作中的应用场景吗？\n\n---\n\n## 本章小结\n\n在本节中，我们学习了：\n\n1. **AI的定义**：让机器模拟人类智能行为\n2. **AI的分类**：ANI（当前）、AGI（未来）、ASI（科幻）\n3. **AI的应用**：办公、创意、学习、生活服务\n4. **AI的局限**：缺乏常识、幻觉问题、数据依赖\n5. **正确态度**：AI是工具，善用但不盲信\n\n**下一节预告**：我们将学习AI的核心技术，了解机器学习、深度学习、NLP等技术的基本原理。\n\n---\n\n## 参考资料\n\n1. **吴恩达《AI For Everyone》**：非技术人员的AI入门课程\n2. **李飞飞TED演讲**：《How we''re teaching computers to understand pictures》\n3. **《人工智能：现代方法》**：AI经典教材（Stuart Russell著）\n\n---\n\n**恭喜你完成了第一节！** 🎉\n\n在下一节中，我们将深入AI的核心技术，了解机器学习、深度学习等技术的原理。\n\n---\n\n## 1.2 AI核心技术简介\n\n### 学习目标\n\n通过本节学习，你将能够：\n- 理解机器学习、深度学习、NLP等核心技术的原理\n- 知道这些技术在实际中的应用场景\n- 了解不同技术之间的关系\n\n### 1.2.1 机器学习（Machine Learning）\n\n**什么是机器学习？**\n\n传统编程 vs 机器学习：\n\n| 传统编程 | 机器学习 |\n|---------|---------|\n| 人工编写规则 | 从数据中学习规则 |\n| 规则固定 | 规则可自动更新 |\n| 适合确定性问题 | 适合复杂、模糊问题 |\n\n**例子：垃圾邮件过滤**\n\n传统编程方式：\n\\`\\`\\`\nif (邮件包含\"中奖\") → 垃圾邮件\nif (发件人是陌生人) → 垃圾邮件\nif (邮件有附件) → 垃圾邮件\n\\`\\`\\`\n\n问题：规则太多，无法穷举，容易被绕过。\n\n机器学习方式：\n1. 收集大量邮件（标注哪些是垃圾邮件）\n2. 训练模型学习特征（词汇、发件人、时间等）\n3. 模型自动判断新邮件是否为垃圾邮件\n\n**机器学习的类型**\n\n1. **监督学习（Supervised Learning）**\n   - 有标签数据（正确答案）\n   - 例子：房价预测、图像分类、垃圾邮件检测\n\n2. **无监督学习（Unsupervised Learning）**\n   - 无标签数据（无正确答案）\n   - 例子：客户分群、异常检测、数据降维\n\n3. **强化学习（Reinforcement Learning）**\n   - 通过试错学习\n   - 例子：AlphaGo、游戏AI、机器人控制\n\n### 1.2.2 深度学习（Deep Learning）\n\n**什么是深度学习？**\n\n深度学习是机器学习的一个分支，使用**多层神经网络**模拟人脑的工作方式。\n\n**为什么叫\"深度\"？**\n- 因为神经网络有很多层（深度）\n- 每层都学习不同层次的特征\n\n**例子：图像识别**\n\n\\`\\`\\`\n输入图像\n  ↓\n第1层：识别边缘、线条\n  ↓\n第2层：识别形状、纹理\n  ↓\n第3层：识别眼睛、鼻子、嘴巴\n  ↓\n第4层：识别人脸\n  ↓\n输出：这是谁\n\\`\\`\\`\n\n**深度学习的优势**\n- 自动特征提取（不需要人工设计特征）\n- 处理复杂数据（图像、语音、文本）\n- 性能随数据量增加而提升\n\n**深度学习的应用**\n- 图像识别：人脸识别、医学影像分析\n- 语音识别：Siri、讯飞输入法\n- 自然语言处理：机器翻译、文本生成\n\n### 1.2.3 自然语言处理（NLP）\n\n**什么是NLP？**\n\n让计算机理解、处理和生成人类语言。\n\n**NLP的任务**\n\n1. **文本分类**\n   - 例子：垃圾邮件检测、情感分析\n   - 应用：舆情监控、用户反馈分析\n\n2. **命名实体识别（NER）**\n   - 例子：从文本中提取人名、地名、时间\n   - 应用：信息抽取、知识图谱\n\n3. **机器翻译**\n   - 例子：Google翻译、DeepL\n   - 技术：Seq2Seq、Transformer\n\n4. **问答系统**\n   - 例子：智能客服、知识问答\n   - 技术：检索式、生成式\n\n5. **文本生成**\n   - 例子：ChatGPT、自动写新闻\n   - 技术：GPT、LLaMA\n\n**大语言模型（LLM）**\n\n2022年ChatGPT发布后，NLP进入大模型时代：\n- 参数规模：从亿级到千亿级\n- 能力：few-shot learning、in-context learning\n- 应用：对话、写作、编程、推理\n\n### 1.2.4 计算机视觉（Computer Vision）\n\n**什么是计算机视觉？**\n\n让计算机\"看懂\"图像和视频。\n\n**计算机视觉的任务**\n\n1. **图像分类**\n   - 例子：识别图片中是猫还是狗\n   - 应用：相册分类、内容审核\n\n2. **目标检测**\n   - 例子：在图片中框出所有行人\n   - 应用：自动驾驶、安防监控\n\n3. **图像分割**\n   - 例子：将图片中的每个像素分类\n   - 应用：医学影像、背景虚化\n\n4. **人脸识别**\n   - 例子：手机人脸解锁\n   - 应用：身份验证、寻人\n\n5. **姿态估计**\n   - 例子：识别人体关键点\n   - 应用：体感游戏、运动分析\n\n**深度学习在CV中的应用**\n\n- CNN（卷积神经网络）：图像分类、目标检测\n- YOLO：实时目标检测\n- Transformer：视觉大模型（ViT）\n\n### 1.2.5 技术之间的关系\n\n\\`\\`\\`\n人工智能（AI）\n  ├── 机器学习（ML）\n  │     ├── 传统机器学习（决策树、SVM）\n  │     └── 深度学习（DL）\n  │           ├── 卷积神经网络（CNN）→ 计算机视觉\n  │           ├── 循环神经网络（RNN）→ 自然语言处理\n  │           └── Transformer → 大语言模型\n  └── 其他（知识图谱、规划、推理）\n\\`\\`\\`\n\n**关键点**：\n- 深度学习是机器学习的一个分支\n- CNN主要用于计算机视觉\n- Transformer主要用于自然语言处理\n- 大语言模型（LLM）是基于Transformer的深度学习模型\n\n---\n\n## 实战练习\n\n### 练习1：技术识别\n\n**任务**：判断以下应用使用了哪种AI技术。\n\n| 应用 | 使用的AI技术 |\n|------|-------------|\n| 抖音视频推荐 | ？ |\n| Siri语音助手 | ？ |\n| 人脸识别门禁 | ？ |\n| 垃圾邮件过滤 | ？ |\n| ChatGPT对话 | ？ |\n\n**提示**：可以参考本节学习的技术分类。\n\n### 练习2：体验不同的AI技术\n\n**任务**：使用以下工具，体验不同的AI技术。\n\n1. **机器学习**：\n   - 访问：[Quick, Draw!](https://quickdraw.withgoogle.com/)\n   - 体验：神经网络如何识别你画的图\n\n2. **深度学习（CV）**：\n   - 访问：[ImageNet Demo](http://image-net.org/challenges/LSVRC/)\n   - 体验：图像分类的效果\n\n3. **自然语言处理**：\n   - 使用：ChatGPT / 文心一言\n   - 体验：让LLM写一首诗\n\n4. **计算机视觉**：\n   - 使用：手机相册的人脸识别\n   - 体验：看看识别是否准确\n\n---\n\n## 本章小结\n\n在本节中，我们学习了：\n\n1. **机器学习**：从数据中学习规则（监督、无监督、强化学习）\n2. **深度学习**：使用多层神经网络（自动特征提取）\n3. **自然语言处理**：让计算机理解和生成语言（文本分类、机器翻译、LLM）\n4. **计算机视觉**：让计算机看懂图像（分类、检测、分割、识别）\n5. **技术关系**：AI > 机器学习 > 深度学习 > 具体应用\n\n**下一节预告**：我们将学习AI在实际生活中的应用场景和案例。\n\n---\n\n**恭喜你完成了第二节！** 🎉\n\n---\n\n## 1.3 AI应用场景与案例\n\n### 学习目标\n\n通过本节学习，你将能够：\n- 了解AI在不同行业的应用\n- 分析AI如何解决实际问题\n- 思考AI在你所在行业的应用潜力\n\n### 1.3.1 AI在互联网行业的应用\n\n**1. 推荐系统**\n\n**原理**：\n- 收集用户行为数据（点击、购买、停留时间）\n- 分析用户兴趣和相似用户\n- 推荐可能感兴趣的内容/商品\n\n**案例**：\n- **抖音/快手**：视频推荐\n  - 数据：观看历史、点赞、评论、分享\n  - 算法：协同过滤、深度学习\n  - 效果：用户平均使用时长增加30%\n\n- **淘宝/京东**：商品推荐\n  - 数据：浏览历史、购买记录、购物车\n  - 算法：个性化推荐、相似商品\n  - 效果：转化率提升20%\n\n**2. 搜索引擎**\n\n**原理**：\n- 爬虫：收集网页\n- 索引：建立倒排索引\n- 排序：PageRank、深度学习排序\n\n**案例**：\n- **Google/百度**：网页搜索\n  - 技术：BERT（理解查询意图）\n  - 效果：搜索结果相关性提升\n\n- **Perplexity**：AI搜索\n  - 技术：LLM + 检索\n  - 效果：直接给出答案，而不是链接\n\n**3. 广告投放**\n\n**原理**：\n- 用户画像：年龄、性别、兴趣、消费能力\n- 广告匹配：找到最合适的广告\n- 竞价排名：实时竞价（RTB）\n\n**案例**：\n- **字节跳动**：信息流广告\n  - 技术：用户画像 + 实时竞价\n  - 效果：点击率提升50%\n\n### 1.3.2 AI在金融行业的应用\n\n**1. 风险控制**\n\n**原理**：\n- 收集用户数据（征信、消费、社交）\n- 建立风控模型（欺诈检测、信用评分）\n- 实时监控（异常检测）\n\n**案例**：\n- **蚂蚁金服**：芝麻信用\n  - 数据：支付宝交易、社交关系、公共服务\n  - 算法：机器学习 + 知识图谱\n  - 应用：免押金租车、快速贷款\n\n- **信用卡欺诈检测**\n  - 技术：异常检测、图神经网络\n  - 效果：减少损失数亿元\n\n**2. 智能投顾**\n\n**原理**：\n- 用户风险偏好评估\n- 资产配置优化\n- 自动调仓\n\n**案例**：\n- **Betterment**：智能投顾平台\n  - 技术：现代投资组合理论 + AI优化\n  - 效果：管理费用降低80%\n\n**3. 量化交易**\n\n**原理**：\n- 分析历史数据\n- 预测价格走势\n- 自动交易\n\n**案例**：\n- **文艺复兴科技**：量化基金\n  - 技术：隐马尔可夫模型、机器学习\n  - 效果：年化收益率39%（1988-2018）\n\n### 1.3.3 AI在医疗行业的应用\n\n**1. 医学影像分析**\n\n**原理**：\n- 使用CNN分析医学影像（X光、CT、MRI）\n- 辅助医生诊断（病灶检测、良恶性判断）\n\n**案例**：\n- **Google DeepMind**：眼底疾病检测\n  - 技术：深度学习\n  - 效果：准确率超过眼科专家\n\n- **腾讯觅影**：食管癌筛查\n  - 技术：计算机视觉\n  - 效果：筛查时间从5分钟缩短到3秒\n\n**2. 药物研发**\n\n**原理**：\n- 预测分子性质\n- 筛选候选药物\n- 优化分子结构\n\n**案例**：\n- **AlphaFold**：蛋白质结构预测\n  - 技术：深度学习\n  - 影响：加速药物研发，解决50年难题\n\n- **Insilico Medicine**：AI制药\n  - 技术：生成式模型\n  - 效果：将药物研发时间从4-6年缩短到18个月\n\n**3. 智能诊断**\n\n**原理**：\n- 分析病历、症状\n- 辅助诊断（疾病预测、治疗方案推荐）\n\n**案例**：\n- **IBM Watson for Oncology**：肿瘤治疗推荐\n  - 技术：知识图谱 + 机器学习\n  - 应用：为医生提供治疗方案参考\n\n### 1.3.4 AI在制造业的应用\n\n**1. 质量检测**\n\n**原理**：\n- 使用计算机视觉检测产品缺陷\n- 自动分拣（合格/不合格）\n\n**案例**：\n- **富士康**：AI质检\n  - 技术：深度学习 + 工业相机\n  - 效果：检测准确率99.9%，人力成本降低70%\n\n**2. 预测性维护**\n\n**原理**：\n- 收集设备传感器数据\n- 预测设备故障\n- 提前维护\n\n**案例**：\n- **西门子**：风力发电机预测性维护\n  - 技术：时间序列分析 + 机器学习\n  - 效果：停机时间减少30%，维护成本降低25%\n\n**3. 供应链优化**\n\n**原理**：\n- 预测需求\n- 优化库存\n- 智能调度\n\n**案例**：\n- **京东**：智能供应链\n  - 技术：需求预测 + 路径优化\n  - 效果：库存周转天数降低30%\n\n### 1.3.5 AI在交通行业的应用\n\n**1. 自动驾驶**\n\n**原理**：\n- 感知：激光雷达、摄像头、雷达\n- 决策：路径规划、障碍物规避\n- 控制：加速、刹车、转向\n\n**案例**：\n- **Tesla**：辅助驾驶（Autopilot）\n  - 技术：计算机视觉 + 强化学习\n  - 级别：L2-L3（部分自动驾驶）\n\n- **Waymo**：无人出租车\n  - 技术：激光雷达 + 高精度地图\n  - 级别：L4（高度自动驾驶）\n\n**2. 智能交通**\n\n**原理**：\n- 实时路况分析\n- 智能信号灯控制\n- 拥堵预测\n\n**案例**：\n- **阿里云城市大脑**：杭州交通优化\n  - 技术：视频分析 + 强化学习\n  - 效果：通行时间缩短15%\n\n### 1.3.6 AI在创意行业的应用\n\n**1.  AI绘画**\n\n**工具**：\n- Midjourney\n- Stable Diffusion\n- DALL-E 3\n\n**应用**：\n- 游戏原画设计\n- 广告海报生成\n- 概念设计\n\n**案例**：\n- **《西游记》动画**：使用AI生成背景\n  - 效果：制作时间缩短50%\n\n**2. AI写作**\n\n**工具**：\n- ChatGPT\n- Claude\n- 文心一言\n\n**应用**：\n- 新闻稿生成\n- 营销文案\n- 小说创作\n\n**案例**：\n- **GPT-4写小说**：获得文学比赛奖项\n  - 争议：AI生成内容的版权问题\n\n**3. AI音乐**\n\n**工具**：\n- Suno AI\n- AIVA\n\n**应用**：\n- 背景音乐生成\n- 广告配乐\n- 游戏音效\n\n### 1.3.7 AI应用的共同特点\n\n**1. 数据驱动**\n- 需要大量数据训练模型\n- 数据质量决定模型效果\n\n**2. 场景 specific**\n- AI在特定场景下表现出色\n- 需要针对场景定制模型\n\n**3. 人机协作**\n- AI辅助人类，而不是完全替代\n- 人类负责创造性、决策性工作\n\n**4. 持续迭代**\n- 模型需要不断更新\n- 在线学习、A/B测试\n\n---\n\n## 实战练习\n\n### 练习1：分析你所在行业的AI应用\n\n**任务**：\n1. 选择一个你感兴趣的行业（如教育、零售、物流）\n2. 调研该行业的AI应用案例\n3. 分析：\n   - 使用了什么AI技术？\n   - 解决了什么问题？\n   - 效果如何？\n   - 有什么局限性？\n\n**提交**：写一份500字的调研报告。\n\n### 练习2：设计一个AI应用\n\n**任务**：\n1. 找一个生活中的痛点（如：找不到停车位、外卖送餐慢）\n2. 设计一个AI解决方案\n3. 描述：\n   - 问题定义\n   - 使用的AI技术\n   - 数据来源\n   - 预期效果\n\n**示例**：\n- 问题：城市停车难\n- 方案：AI停车引导系统\n- 技术：计算机视觉（车位检测）+ 推荐系统（引导到空车位）\n- 数据：摄像头实时视频\n- 效果：减少找车位时间50%\n\n---\n\n## 本章小结\n\n在本节中，我们学习了AI在不同行业的应用：\n\n1. **互联网**：推荐系统、搜索引擎、广告投放\n2. **金融**：风险控制、智能投顾、量化交易\n3. **医疗**：医学影像、药物研发、智能诊断\n4. **制造**：质量检测、预测性维护、供应链优化\n5. **交通**：自动驾驶、智能交通\n6. **创意**：AI绘画、AI写作、AI音乐\n\n**AI应用的共同特点**：\n- 数据驱动\n- 场景specific\n- 人机协作\n- 持续迭代\n\n**下一章预告**：我们将学习如何使用主流AI工具（ChatGPT、Midjourney等）提升工作效率。\n\n---\n\n**恭喜你完成了第1章！** 🎉🎉🎉\n\n在接下来的章节中，我们将进入实战环节，学习如何使用这些AI工具。\n\n---\n\n## 第2章：AI工具实战\n\n### 第1节：对话AI工具（ChatGPT、Claude、文心一言）\n\n#### 学习目标\n\n通过本节学习，你将能够：\n- 注册并使用主流对话AI工具\n- 掌握有效的提示词（Prompt）编写技巧\n- 使用对话AI提升工作效率\n\n#### 2.1.1 主流对话AI工具对比\n\n| 工具 | 开发商 | 特点 | 适用场景 | 费用 |\n|------|--------|------|----------|------|\n| **ChatGPT** | OpenAI | 最强通用能力，插件生态 | 写作、编程、翻译 | 免费/$20/月 |\n| **Claude** | Anthropic | 长文本处理，安全性高 | 文档分析、总结 | 免费/$20/月 |\n| **文心一言** | 百度 | 中文优化，本土化 | 中文写作、搜索 | 免费 |\n| **讯飞星火** | 科大讯飞 | 语音交互强 | 语音对话、教育 | 免费 |\n| **Gemini** | Google | 多模态（文本+图像） | 图像理解、搜索 | 免费 |\n\n#### 2.1.2 注册与使用\n\n**ChatGPT注册步骤**：\n\n1. 访问：[chat.openai.com](https://chat.openai.com)\n2. 注册账号（需要海外手机号或虚拟号码）\n3. 选择版本：\n   - Free：GPT-3.5，有限额\n   - Plus：$20/月，GPT-4，优先访问\n4. 开始对话\n\n**国内替代方案**：\n\n如果使用不了ChatGPT，可以使用：\n- 文心一言：[yiyan.baidu.com](https://yiyan.baidu.com)\n- 讯飞星火：[xinghuo.xfyun.cn](https://xinghuo.xfyun.cn)\n- 智谱清言：[chatglm.cn](https://chatglm.cn)\n\n#### 2.1.3 提示词（Prompt）编写技巧\n\n**什么是提示词？**\n\n提示词是你给AI的指令，质量直接影响AI的输出。\n\n**基本原则**：\n\n1. **明确具体**\n   - ❌ 差：\"写一篇文章\"\n   - ✅ 好：\"写一篇800字关于人工智能在教育的应用的文章，面向普通读者，语言通俗易懂\"\n\n2. **提供背景**\n   - 例子：\"你是一位资深的产品经理，请帮我写一个AI产品的需求文档...\"\n\n3. **指定格式**\n   - 例子：\"用Markdown格式输出，包含标题、列表、代码块\"\n\n4. **分步指示**\n   - 例子：\"第一步：分析问题；第二步：提出解决方案；第三步：总结\"\n\n**高级技巧**：\n\n1. **角色扮演**\n   \\`\\`\\`\n   你是一位经验丰富的Python程序员，请帮我优化以下代码...\n   \\`\\`\\`\n\n2. **Few-shot Learning**\n   \\`\\`\\`\n   请将以下句子翻译成英文：\n\n   示例1：我爱学习 → I love learning\n   示例2：AI改变世界 → AI changes the world\n\n   现在请翻译：深度学习很有趣\n   \\`\\`\\`\n\n3. **链式思考（Chain-of-Thought）**\n   \\`\\`\\`\n   请一步步思考并回答：\n\n   问题：一个篮子里有10个苹果，拿走2个，还剩几个？\n\n   思考过程：\n   1. 篮子里原有10个苹果\n   2. 拿走了2个\n   3. 剩余 = 10 - 2 = 8\n   答案：8个\n   \\`\\`\\`\n\n4. **指定输出格式**\n   \\`\\`\\`\n   请用JSON格式输出：\n\n   {\n     \"name\": \"产品名称\",\n     \"price\": \"价格\",\n     \"description\": \"描述\"\n   }\n   \\`\\`\\`\n\n#### 2.1.4 实战案例\n\n**案例1：写作助手**\n\n**任务**：写一篇产品介绍文案\n\n**提示词**：\n\\`\\`\\`\n你是一位资深的市场营销专家，请为一款AI写作工具写一段产品介绍文案。\n\n要求：\n1. 突出产品的核心功能（智能写作、语法检查、多语言支持）\n2. 面向企业用户（提升效率、降低成本）\n3. 语言简洁有力，300字以内\n4. 包含一句slogan\n\n请用Markdown格式输出。\n\\`\\`\\`\n\n**案例2：代码助手**\n\n**任务**：编写一个Python爬虫\n\n**提示词**：\n\\`\\`\\`\n你是一位Python专家，请帮我写一个爬虫程序，抓取豆瓣电影Top250的信息。\n\n要求：\n1. 使用requests和BeautifulSoup\n2. 抓取电影名称、评分、导演、年份\n3. 保存到CSV文件\n4. 添加注释\n5. 处理异常（网络错误、解析错误）\n\n请一步步解释代码。\n\\`\\`\\`\n\n**案例3：学习助手**\n\n**任务**：解释复杂概念\n\n**提示词**：\n\\`\\`\\`\n你是一位耐心的老师，请用通俗易懂的语言解释\"区块链\"技术。\n\n要求：\n1. 使用类比（比如：账本、Excel表格）\n2. 分步骤解释（从比特币到区块链）\n3. 举例说明应用场景\n4. 指出优势和局限性\n\n适合完全没有技术背景的人理解。\n\\`\\`\\`\n\n#### 2.1.5 常见问题与解决\n\n**问题1：AI回答不准确**\n\n**原因**：\n- 提示词不够明确\n- 模型幻觉（编造信息）\n\n**解决**：\n- 优化提示词（更具体、提供上下文）\n- 要求AI给出信息来源\n- 交叉验证（用多个AI对比）\n\n**问题2：AI回答太笼统**\n\n**原因**：\n- 提示词缺乏约束\n\n**解决**：\n- 指定字数、格式、风格\n- 要求给出具体例子\n\n**问题3：AI拒绝回答**\n\n**原因**：\n- 触及安全边界（暴力、色情、政治）\n- 版权问题\n\n**解决**：\n- 调整提问方式\n- 使用合规的替代方案\n\n---\n\n## 实战练习\n\n### 练习1：提示词编写\n\n**任务**：为每个场景编写一个好的提示词。\n\n| 场景 | 你的提示词 |\n|------|-----------|\n| 让AI帮你写一封求职邮件 | ？ |\n| 让AI帮你制定学习计划 | ？ |\n| 让AI帮你debug代码 | ？ |\n\n**提交**：将提示词和AI的回复截图提交。\n\n### 练习2：使用ChatGPT提升工作效率\n\n**任务**：\n1. 选择一个工作任务（如：写周报、做PPT大纲、分析数据）\n2. 使用ChatGPT完成这个任务\n3. 记录：\n   - 你使用的提示词\n   - AI的输出质量（1-5分）\n   - 你需要多少人工修改\n   - 总共节省了多少时间\n\n**提交**：写一份使用心得（300字）。\n\n---\n\n## 本章小结\n\n在本节中，我们学习了：\n\n1. **主流对话AI工具**：ChatGPT、Claude、文心一言等\n2. **提示词编写技巧**：明确具体、提供背景、指定格式、分步指示\n3. **高级技巧**：角色扮演、Few-shot、链式思考\n4. **实战案例**：写作助手、代码助手、学习助手\n\n**关键要点**：\n- 提示词质量决定AI输出质量\n- 好的提示词 = 明确具体 + 提供背景 + 指定格式\n- AI是助手，需要人工审核和修改\n\n**下一节预告**：我们将学习AI绘画工具（Midjourney、Stable Diffusion）。\n\n---\n\n---\n\n## 2.2 AI绘画与创意工具\n\n### 学习目标\n\n通过本节学习，你将能够：\n- 使用Midjourney、Stable Diffusion等AI绘画工具\n- 掌握AI绘画的提示词技巧\n- 使用AI生成营销素材、产品原型图\n\n### 2.2.1 主流AI绘画工具对比\n\n| 工具 | 开发商 | 特点 | 适用场景 | 费用 |\n|------|--------|------|----------|------|\n| **Midjourney** | Midjourney Inc. | 艺术风格强，社区活跃 | 概念设计、艺术创作 | $10-60/月 |\n| **Stable Diffusion** | Stability AI | 开源，可本地部署 | 商业应用、定制训练 | 免费（需GPU） |\n| **DALL-E 3** | OpenAI | 与ChatGPT集成，易用 | 快速生成、迭代 | ChatGPT Plus包含 |\n| **文心一格** | 百度 | 中文提示词，本土化 | 中文场景、国内访问 | 免费/付费 |\n| **通义万相** | 阿里 | 阿里生态集成 | 电商场景 | 免费/付费 |\n\n### 2.2.2 Midjourney使用指南\n\n**注册与入门**：\n\n1. 访问：[midjourney.com](https://www.midjourney.com)\n2. 加入Discord服务器\n3. 在"}]'::jsonb,
  30,
  1
);

-- ====== L2: 机器学习基础 ======
INSERT INTO courses(id, code, title, level, description, cover_url, sort_order, xp_reward, is_required, estimated_hours) VALUES(
  'd04dfb37-9505-253e-e457-33f7fe2a2be8'::uuid,
  'L2_MACHINE_LEARNING_BASICS',
  '机器学习基础',
  2,
  '系统学习机器学习的核心概念、经典算法和实战技能。适合有基础数学背景、想深入AI技术的学习者和产品经理。',
  'https://example.com/thumbnails/l2-ml-basics.jpg',
  2,
  200,
  true,
  3
);

INSERT INTO chapters(id, course_id, title, sort_order) VALUES(
  '82a15ad6-bba3-4e04-a03c-a3c4073aee79'::uuid,
  'd04dfb37-9505-253e-e457-33f7fe2a2be8'::uuid,
  '第1章：机器学习概论',
  1
);
INSERT INTO sections(id, chapter_id, title, content_type, content, duration_minutes, sort_order) VALUES(
  'f6426274-418b-5a35-3985-0327a18617fa'::uuid,
  '82a15ad6-bba3-4e04-a03c-a3c4073aee79'::uuid,
  '1.1 什么是机器学习',
  'markdown',
  '[{"type":"markdown","content":"\n# 1.1 什么是机器学习\n\n## 学习目标\n\n通过本节学习，你将能够：\n- 理解机器学习的定义和核心思想\n- 区分传统编程和机器学习\n- 了解机器学习的类型和应用场景\n\n---\n\n## 1.1.1 从传统编程到机器学习\n\n### 传统编程方式\n\n**问题：如何识别垃圾邮件？**\n\n传统编程方式：\n\n\\`\\`\\`\nif (邮件包含\"中奖\") → 垃圾邮件\nif (邮件包含\"免费\") → 垃圾邮件\nif (发件人是陌生人) → 垃圾邮件\nif (邮件有附件且后缀是.exe) → 垃圾邮件\nelse → 正常邮件\n\\`\\`\\`\n\n**问题**：\n1. **规则复杂**：垃圾邮件的特征太多，无法穷举\n2. **规则脆弱**：垃圾邮件发送者可以轻易绕过规则（如：用\"免■费\"代替\"免费\"）\n3. **维护困难**：需要不断更新规则\n\n### 机器学习方式\n\n**思路**：让计算机从数据中学习规则\n\n\\`\\`\\`\n输入：大量邮件（标注哪些是垃圾邮件）\n  ↓\n学习：自动学习垃圾邮件的特征\n  ↓\n输出：一个模型（可以预测新邮件是否为垃圾邮件）\n\\`\\`\\`\n\n**优势**：\n1. **自适应**：随着新数据的输入，模型可以自动更新\n2. **处理复杂模式**：可以学习人类难以描述的复杂特征\n3. **泛化能力强**：可以处理未见过的案例\n\n### 对比总结\n\n| 传统编程 | 机器学习 |\n|---------|---------|\n| 人工编写规则 | 从数据中学习规则 |\n| 规则固定 | 规则可自动更新 |\n| 适合确定性问题 | 适合复杂、模糊问题 |\n| 需要领域专家 | 需要数据专家 |\n\n---\n\n## 1.1.2 机器学习的定义\n\n### 学术定义\n\n> **机器学习**（Machine Learning）是人工智能的一个分支，研究如何让计算机从数据中学习，而不需要显式编程。\n> \n> — Tom Mitchell《Machine Learning》\n\n**更形式化的定义**：\n\n一个计算机程序被称为可以学习，如果它在任务T上的性能（用P衡量），随着经验E的增加而提高。\n\n**例子**：垃圾邮件过滤\n- **任务T**：识别垃圾邮件\n- **性能P**：分类准确率\n- **经验E**：历史邮件数据\n\n### 通俗理解\n\n> 机器学习 = 从数据中找到模式（Pattern），并用模式进行预测或决策。\n\n**核心要素**：\n1. **数据**：学习的原材料\n2. **模型**：学习的结果（数学函数）\n3. **算法**：学习的方法（如何找到最佳模型）\n4. **预测**：模型的应用\n\n---\n\n## 1.1.3 机器学习的类型\n\n### 按学习方式分类\n\n**1. 监督学习（Supervised Learning）**\n\n**定义**：使用**有标签**的数据训练模型。\n\n**例子**：\n- 输入：邮件（特征） + 标签（是否为垃圾邮件）\n- 目标：学习一个函数 $f(x) = y$，其中 $x$ 是邮件特征，$y$ 是标签\n\n**常见任务**：\n- **分类（Classification）**：预测离散标签\n  - 例子：垃圾邮件检测、图像分类、疾病诊断\n- **回归（Regression）**：预测连续值\n  - 例子：房价预测、股票价格预测、气温预测\n\n**算法**：\n- 线性模型：线性回归、逻辑回归\n- 树模型：决策树、随机森林、XGBoost\n- 支持向量机（SVM）\n- 神经网络\n\n**2. 无监督学习（Unsupervised Learning）**\n\n**定义**：使用**无标签**的数据训练模型。\n\n**例子**：\n- 输入：客户数据（年龄、收入、消费记录）\n- 目标：发现数据中的结构（如：客户分群）\n\n**常见任务**：\n- **聚类（Clustering）**：将相似的数据分组\n  - 例子：客户分群、图像分割、异常检测\n- **降维（Dimensionality Reduction）**：减少特征数量\n  - 例子：数据可视化、特征压缩、去噪\n- **关联规则学习（Association Rule Learning）**\n  - 例子：购物篮分析（\"买尿布的人也会买啤酒\"）\n\n**算法**：\n- 聚类：K-Means、层次聚类、DBSCAN\n- 降维：PCA、t-SNE、AutoEncoder\n\n**3. 强化学习（Reinforcement Learning）**\n\n**定义**：通过**试错**学习最优策略。\n\n**例子**：\n- 智能体（Agent）在环境（Environment）中采取行动（Action）\n- 环境给出奖励（Reward）或惩罚\n- 目标：最大化累计奖励\n\n**常见任务**：\n- 游戏AI：AlphaGo、Dota 2 AI\n- 机器人控制：行走、抓取\n- 推荐系统：动态调整推荐策略\n\n**算法**：\n- Q-Learning\n- Policy Gradient\n- Actor-Critic\n- Deep Q-Network (DQN)\n\n### 按模型类型分类\n\n**1. 参数模型（Parametric Models）**\n\n- 假设数据符合某种分布\n- 学习的是**有限的参数**\n- 例子：线性回归、逻辑回归、SVM\n\n**优点**：简单、快速\n**缺点**：如果假设不成立，性能差\n\n**2. 非参数模型（Non-parametric Models）**\n\n- 不对数据分布做假设\n- 模型复杂度随数据量增加而增加\n- 例子：KNN、决策树、核方法\n\n**优点**：灵活、适应性强\n**缺点**：计算慢、容易过拟合\n\n---\n\n## 1.1.4 机器学习的工作流程\n\n\\`\\`\\`\n1. 数据收集\n   ↓\n2. 数据预处理（清洗、转换、特征工程）\n   ↓\n3. 划分数据集（训练集、验证集、测试集）\n   ↓\n4. 选择算法\n   ↓\n5. 训练模型\n   ↓\n6. 评估模型\n   ↓\n7. 调参（Hyperparameter Tuning）\n   ↓\n8. 部署模型\n   ↓\n9. 监控和维护\n\\`\\`\\`\n\n### 详细步骤\n\n**步骤1：数据收集**\n\n- 数据来源：数据库、API、爬虫、公开数据集\n- 数据质量：准确性、完整性、一致性\n\n**步骤2：数据预处理**\n\n- 数据清洗：处理缺失值、异常值、重复值\n- 数据转换：标准化、归一化、编码（One-Hot、Label Encoding）\n- 特征工程：特征选择、特征提取、特征构造\n\n**步骤3：划分数据集**\n\n- **训练集（Training Set）**：用于训练模型（60-80%）\n- **验证集（Validation Set）**：用于调参（10-20%）\n- **测试集（Test Set）**：用于评估最终模型（10-20%）\n\n**步骤4：选择算法**\n\n- 考虑因素：数据量、特征类型、任务类型、可解释性要求\n\n**步骤5：训练模型**\n\n- 使用训练集训练模型\n- 优化算法：梯度下降、随机梯度下降\n\n**步骤6：评估模型**\n\n- 使用测试集评估模型性能\n- 分类指标：准确率、精确率、召回率、F1-score、AUC\n- 回归指标：MSE、RMSE、MAE、$R^2$\n\n**步骤7：调参**\n\n- 网格搜索（Grid Search）\n- 随机搜索（Random Search）\n- 贝叶斯优化\n\n**步骤8：部署模型**\n\n- 保存模型（pickle、joblib、ONNX）\n- 部署为API（Flask、FastAPI）\n- 监控模型性能\n\n**步骤9：监控和维护**\n\n- 模型漂移（Model Drift）\n- 数据漂移（Data Drift）\n- 定期重新训练\n\n---\n\n## 1.1.5 机器学习的应用\n\n### 1. 图像识别\n\n- **任务**：识别图像中的物体\n- **应用**：人脸识别、医学影像分析、自动驾驶\n- **算法**：CNN（卷积神经网络）\n\n### 2. 自然语言处理\n\n- **任务**：理解和生成文本\n- **应用**：机器翻译、情感分析、智能客服\n- **算法**：RNN、Transformer、BERT、GPT\n\n### 3. 推荐系统\n\n- **任务**：推荐用户可能感兴趣的物品\n- **应用**：电商推荐、视频推荐、音乐推荐\n- **算法**：协同过滤、矩阵分解、深度学习\n\n### 4. 金融风控\n\n- **任务**：预测风险\n- **应用**：信用卡欺诈检测、贷款违约预测\n- **算法**：逻辑回归、随机森林、XGBoost\n\n### 5. 医疗诊断\n\n- **任务**：辅助诊断疾病\n- **应用**：癌症检测、疾病预测\n- **算法**：深度学习、SVM、随机森林\n\n---\n\n## 实战练习\n\n### 练习1：识别机器学习任务\n\n**任务**：判断以下任务属于哪种机器学习类型（监督学习、无监督学习、强化学习）\n\n1. 根据历史房价数据预测新房价\n2. 将客户分为不同的群体\n3. 训练一个AI玩围棋\n4. 识别图片中的猫和狗\n5. 发现购物篮中的关联规则\n\n**答案**：\n1. 监督学习（回归）\n2. 无监督学习（聚类）\n3. 强化学习\n4. 监督学习（分类）\n5. 无监督学习（关联规则）\n\n### 练习2：设计一个机器学习项目\n\n**任务**：\n1. 选择一个你感兴趣的问题（如：预测房价、识别垃圾邮件、客户分群）\n2. 描述：\n   - 这是什么类型的机器学习问题？\n   - 需要什么数据？\n   - 如何评估模型？\n3. 写一份项目提案（300字）\n\n---\n\n## 本章小结\n\n在本节中，我们学习了：\n\n1. **传统编程 vs 机器学习**：机器学习从数据中学习规则\n2. **机器学习的定义**：从数据中找到模式，用于预测或决策\n3. **机器学习的类型**：\n   - 监督学习（有标签）：分类、回归\n   - 无监督学习（无标签）：聚类、降维\n   - 强化学习（试错）：游戏AI、机器人控制\n4. **机器学习的工作流程**：数据收集 → 预处理 → 训练 → 评估 → 部署\n5. **机器学习的应用**：图像识别、NLP、推荐系统、风控、医疗\n\n**关键要点**：\n- 机器学习的核心是\"从数据中学习\"\n- 不同类型的任务需要不同的算法\n- 机器学习是一个迭代的过程\n\n**下一节预告**：我们将学习机器学习的数学基础（线性代数、概率论、微积分）。\n\n---\n\n**恭喜你完成了第1章第1节！** 🎉\n\n---\n\n## 1.2 数学基础\n\n### 学习目标\n\n通过本节学习，你将能够：\n- 理解机器学习所需的数学基础\n- 掌握线性代数、概率论、微积分的核心概念\n- 为后续算法学习打下基础\n\n### 1.2.1 线性代数\n\n线性代数是机器学习的基础，因为数据通常表示为向量和矩阵。\n\n#### 向量（Vector）\n\n**定义**：一个有方向和大小的量，可以表示为一列数。\n\n\\`\\`\\`\n$\\\\mathbf{x} = \\\\begin{bmatrix} x_1 \\\\\\\\ x_2 \\\\\\\\ \\\\vdots \\\\\\\\ x_n \\\\end{bmatrix}$\n\\`\\`\\`\n\n**例子**：\n- 一张28×28的图片可以表示为一个784维的向量\n- 一个用户的年龄、收入、消费可以表示为一个3维向量\n\n**运算**：\n1. **加法**：$\\\\mathbf{x} + \\\\mathbf{y} = \\\\begin{bmatrix} x_1 + y_1 \\\\\\\\ x_2 + y_2 \\\\\\\\ \\\\vdots \\\\end{bmatrix}$\n2. **数乘**：$c \\\\cdot \\\\mathbf{x} = \\\\begin{bmatrix} c \\\\cdot x_1 \\\\\\\\ c \\\\cdot x_2 \\\\\\\\ \\\\vdots \\\\end{bmatrix}$\n3. **点积（内积）**：$\\\\mathbf{x} \\\\cdot \\\\mathbf{y} = x_1 y_1 + x_2 y_2 + \\\\cdots + x_n y_n$\n\n**应用**：\n- 计算相似度（余弦相似度）\n- 线性回归\n\n#### 矩阵（Matrix）\n\n**定义**：一个二维数组。\n\n\\`\\`\\`\n$A = \\\\begin{bmatrix} a_{11} & a_{12} & \\\\cdots & a_{1n} \\\\\\\\ a_{21} & a_{22} & \\\\cdots & a_{2n} \\\\\\\\ \\\\vdots & \\\\vdots & \\\\ddots & \\\\vdots \\\\\\\\ a_{m1} & a_{m2} & \\\\cdots & a_{mn} \\\\end{bmatrix}$\n\\`\\`\\`\n\n**例子**：\n- 数据集：每行是一个样本，每列是一个特征\n- 图像：灰度图像是一个矩阵，彩色图像是三个矩阵（RGB）\n\n**运算**：\n1. **加法**：$A + B$（对应元素相加）\n2. **乘法**：$AB$（矩阵乘法）\n3. **转置**：$A^T$\n4. **逆矩阵**：$A^{-1}$\n\n**应用**：\n- 神经网络的前向传播\n- 协方差矩阵\n\n#### 特征值与特征向量\n\n**定义**：对于一个方阵 $A$，如果存在一个向量 $\\\\mathbf{v}$ 和一个标量 $\\\\lambda$，使得：\n\n\\`\\`\\`\n$A\\\\mathbf{v} = \\\\lambda \\\\mathbf{v}$\n\\`\\`\\`\n\n那么 $\\\\mathbf{v}$ 是特征向量，$\\\\lambda$ 是特征值。\n\n**应用**：\n- PCA（主成分分析）\n- 推荐系统\n\n---\n\n### 1.2.2 概率论\n\n概率论用于建模不确定性和推理。\n\n#### 基本概念\n\n**1. 随机变量**\n\n- 离散随机变量：取值有限或可数（如：掷骰子的结果）\n- 连续随机变量：取值连续（如：身高、体重）\n\n**2. 概率分布**\n\n- **离散分布**：\n  - 伯努利分布（Bernoulli）：一次试验，成功/失败\n  - 二项分布（Binomial）：$n$ 次独立试验，成功次数\n  - 泊松分布（Poisson）：单位时间内的事件次数\n\n- **连续分布**：\n  - 均匀分布（Uniform）\n  - 正态分布（Gaussian）：$f(x) = \\\\frac{1}{\\\\sqrt{2\\\\pi}\\\\sigma} e^{-\\\\frac{(x-\\\\mu)^2}{2\\\\sigma^2}}$\n  - 指数分布（Exponential）\n\n**3. 条件概率**\n\n\\`\\`\\`\n$P(A|B) = \\\\frac{P(A \\\\cap B)}{P(B)}$\n\\`\\`\\`\n\n**例子**：\n- $P(垃圾邮件 | 包含\"中奖\") = \\\\frac{P(垃圾邮件 \\\\cap 包含\"中奖\")}{P(包含\"中奖\")}$\n\n**4. 贝叶斯定理**\n\n\\`\\`\\`\n$P(A|B) = \\\\frac{P(B|A) P(A)}{P(B)}$\n\\`\\`\\`\n\n**应用**：\n- 朴素贝叶斯分类器\n- 垃圾邮件过滤\n\n#### 期望与方差\n\n**期望（Expected Value）**：\n\n\\`\\`\\`\n$E[X] = \\\\sum_x x P(X=x)$  （离散）\n$E[X] = \\\\int_{-\\\\infty}^{\\\\infty} x f(x) dx$  （连续）\n\\`\\`\\`\n\n**方差（Variance）**：\n\n\\`\\`\\`\n$Var(X) = E[(X - E[X])^2]$\n\\`\\`\\`\n\n**应用**：\n- 线性回归的损失函数（均方误差）\n- 模型评估\n\n---\n\n### 1.2.3 微积分\n\n微积分用于优化（找到最优参数）。\n\n#### 导数（Derivative）\n\n**定义**：函数在某一点的变化率。\n\n\\`\\`\\`\n$f''(x) = \\\\lim_{h \\\\to 0} \\\\frac{f(x+h) - f(x)}{h}$\n\\`\\`\\`\n\n**例子**：\n- $f(x) = x^2$ → $f''(x) = 2x$\n\n**应用**：\n- 梯度下降（找到损失函数的最小值）\n\n#### 偏导数（Partial Derivative）\n\n**定义**：多变量函数对某一个变量的导数。\n\n\\`\\`\\`\n$\\\\frac{\\\\partial f}{\\\\partial x}$\n\\`\\`\\`\n\n**例子**：\n- $f(x, y) = x^2 + y^2$\n- $\\\\frac{\\\\partial f}{\\\\partial x} = 2x$\n- $\\\\frac{\\\\partial f}{\\\\partial y} = 2y$\n\n**应用**：\n- 梯度下降（多维）\n\n#### 梯度（Gradient）\n\n**定义**：所有偏导数的向量。\n\n\\`\\`\\`\n$\\\\nabla f = \\\\begin{bmatrix} \\\\frac{\\\\partial f}{\\\\partial x_1} \\\\\\\\ \\\\frac{\\\\partial f}{\\\\partial x_2} \\\\\\\\ \\\\vdots \\\\\\\\ \\\\frac{\\\\partial f}{\\\\partial x_n} \\\\end{bmatrix}$\n\\`\\`\\`\n\n**应用**：\n- 梯度下降：$\\\\theta = \\\\theta - \\\\alpha \\\\nabla J(\\\\theta)$\n\n#### 链式法则（Chain Rule）\n\n**定义**：复合函数的导数。\n\n\\`\\`\\`\n$\\\\frac{dz}{dx} = \\\\frac{dz}{dy} \\\\cdot \\\\frac{dy}{dx}$\n\\`\\`\\`\n\n**应用**：\n- 反向传播（Backpropagation）\n\n---\n\n## 实战练习\n\n### 练习1：线性代数计算\n\n**任务**：计算以下向量和矩阵运算。\n\n1. $\\\\mathbf{x} = \\\\begin{bmatrix} 1 \\\\\\\\ 2 \\\\end{bmatrix}, \\\\mathbf{y} = \\\\begin{bmatrix} 3 \\\\\\\\ 4 \\\\end{bmatrix}$，计算 $\\\\mathbf{x} + \\\\mathbf{y}$ 和 $\\\\mathbf{x} \\\\cdot \\\\mathbf{y}$\n\n2. $A = \\\\begin{bmatrix} 1 & 2 \\\\\\\\ 3 & 4 \\\\end{bmatrix}, B = \\\\begin{bmatrix} 5 & 6 \\\\\\\\ 7 & 8 \\\\end{bmatrix}$，计算 $A + B$ 和 $AB$\n\n**答案**：\n1. $\\\\mathbf{x} + \\\\mathbf{y} = \\\\begin{bmatrix} 4 \\\\\\\\ 6 \\\\end{bmatrix}, \\\\mathbf{x} \\\\cdot \\\\mathbf{y} = 1 \\\\cdot 3 + 2 \\\\cdot 4 = 11$\n2. $A + B = \\\\begin{bmatrix} 6 & 8 \\\\\\\\ 10 & 12 \\\\end{bmatrix}, AB = \\\\begin{bmatrix} 19 & 22 \\\\\\\\ 43 & 50 \\\\end{bmatrix}$\n\n### 练习2：概率计算\n\n**任务**：使用贝叶斯定理计算以下概率。\n\n**问题**：某疾病的患病率为1%，检测准确率为99%（即：患者检测为阳性的概率99%，健康人检测为阴性的概率99%）。如果一个人检测为阳性，他实际患病的概率是多少？\n\n**解答**：\n- 设 $D$ 为患病，$T$ 为检测阳性\n- $P(D) = 0.01$\n- $P(T|D) = 0.99$\n- $P(T|\\\\neg D) = 0.01$\n- 求 $P(D|T)$\n\n使用贝叶斯定理：\n\n\\`\\`\\`\n$P(D|T) = \\\\frac{P(T|D) P(D)}{P(T)}$\n$P(T) = P(T|D) P(D) + P(T|\\\\neg D) P(\\\\neg D) = 0.99 \\\\cdot 0.01 + 0.01 \\\\cdot 0.99 = 0.0198$\n$P(D|T) = \\\\frac{0.99 \\\\cdot 0.01}{0.0198} = 0.5$\n\\`\\`\\`\n\n**结论**：即使检测为阳性，实际患病的概率只有50%！\n\n---\n\n## 本章小结\n\n在本节中，我们学习了机器学习所需的数学基础：\n\n1. **线性代数**：向量、矩阵、特征值\n2. **概率论**：概率分布、条件概率、贝叶斯定理\n3. **微积分**：导数、偏导数、梯度、链式法则\n\n**关键要点**：\n- 线性代数用于数据表示和运算\n- 概率论用于建模不确定性\n- 微积分用于优化\n\n**下一节预告**：我们将学习Python和环境搭建（NumPy、Pandas、Scikit-learn）。\n\n---\n\n**恭喜你完成了第1章第2节！** 🎉\n\n---\n\n## 1.3 Python与环境搭建\n\n### 学习目标\n\n通过本节学习，你将能够：\n- 安装Python和必要的库\n- 使用Jupyter Notebook进行机器学习开发\n- 掌握NumPy、Pandas、Matplotlib的基础操作\n- 使用Scikit-learn进行机器学习\n\n### 1.3.1 Python安装\n\n**为什么选择Python？**\n\n1. **简单易学**：语法简洁，适合初学者\n2. **生态丰富**：有大量机器学习库\n3. **社区活跃**：问题容易找到解决方案\n\n**安装Python**\n\n**方法1：从官网下载**\n\n1. 访问：[python.org](https://www.python.org)\n2. 下载最新版本（推荐Python 3.9+）\n3. 安装时勾选\"Add Python to PATH\"\n\n**方法2：使用Anaconda（推荐）**\n\nAnaconda是一个Python发行版，包含了大量科学计算库。\n\n1. 访问：[anaconda.com](https://www.anaconda.com)\n2. 下载Anaconda（Python 3.x版本）\n3. 安装\n\n**验证安装**\n\n\\`\\`\\`bash\npython --version\n# 输出：Python 3.9.x\n\npip --version\n# 输出：pip x.x.x\n\\`\\`\\`\n\n### 1.3.2 开发环境：Jupyter Notebook\n\n**为什么使用Jupyter Notebook？**\n\n1. **交互式**：可以逐块运行代码\n2. **可视化**：可以直接显示图表\n3. **文档化**：可以混合代码、文本、公式、图像\n\n**安装Jupyter Notebook**\n\n\\`\\`\\`bash\n# 如果使用Anaconda，Jupyter已经包含\n# 否则，使用pip安装\npip install jupyter\n\\`\\`\\`\n\n**启动Jupyter Notebook**\n\n\\`\\`\\`bash\njupyter notebook\n\\`\\`\\`\n\n浏览器会自动打开：[http://localhost:8888](http://localhost:8888)\n\n**Jupyter Notebook基本操作**\n\n| 快捷键 | 功能 |\n|--------|------|\n| "}]'::jsonb,
  30,
  1
);

-- ====== L3: 深度学习与计算机视觉 ======
INSERT INTO courses(id, code, title, level, description, cover_url, sort_order, xp_reward, is_required, estimated_hours) VALUES(
  'da8db0da-8bf3-cf8f-48f6-72ca35d50ee9'::uuid,
  'L3_DEEP_LEARNING_CV',
  '深度学习与计算机视觉',
  3,
  '深入学习神经网络、CNN、计算机视觉应用。适合有机器学习基础、想学习深度学习和CV的开发者。',
  'https://example.com/thumbnails/l3-dl-cv.jpg',
  3,
  200,
  true,
  4
);

INSERT INTO chapters(id, course_id, title, sort_order) VALUES(
  'eec2c872-83b5-4c24-faca-4a8ad1686839'::uuid,
  'da8db0da-8bf3-cf8f-48f6-72ca35d50ee9'::uuid,
  '第1章：神经网络基础',
  1
);
INSERT INTO sections(id, chapter_id, title, content_type, content, duration_minutes, sort_order) VALUES(
  '0e726962-8d67-09b8-cca6-11c7337aac2d'::uuid,
  'eec2c872-83b5-4c24-faca-4a8ad1686839'::uuid,
  '1.1 感知机与多层网络',
  'markdown',
  '[{"type":"markdown","content":"\n# 1.1 感知机与多层网络\n\n## 学习目标\n\n通过本节学习，你将能够：\n- 理解感知机模型\n- 掌握多层感知机（MLP）\n- 理解激活函数的作用\n- 使用PyTorch搭建神经网络\n\n---\n\n## 1.1.1 感知机（Perceptron）\n\n**什么是感知机？**\n\n感知机是最早的人工神经元模型，由Frank Rosenblatt于1957年提出。\n\n**模型**\n\n\\`\\`\\`\n输出 = \n  \\\\begin{cases}\n    1 & \\\\text{if } \\\\mathbf{w}^T \\\\mathbf{x} + b > 0 \\\\\\\\\n    0 & \\\\text{otherwise}\n  \\\\end{cases}\n\\`\\`\\`\n\n其中：\n- $\\\\mathbf{x}$ 是输入向量\n- $\\\\mathbf{w}$ 是权重向量\n- $b$ 是偏置\n\n**训练算法**\n\n1. 初始化权重\n2. 对于每个样本：\n   - 计算输出\n   - 如果分类错误，更新权重：\n     - $w_i = w_i + \\\\eta (y - \\\\hat{y}) x_i$\n     - $b = b + \\\\eta (y - \\\\hat{y})$\n3. 重复，直到收敛或达到最大迭代次数\n\n**局限性**\n\n感知机只能处理线性可分问题（如：AND、OR），不能处理非线性问题（如：XOR）。\n\n## 1.1.2 多层感知机（MLP）\n\n**为什么需要多层？**\n\n单层感知机只能处理线性问题，多层可以处理非线性问题。\n\n**结构**\n\n多层感知机（Multi-Layer Perceptron, MLP）包含：\n1. **输入层**：接收输入\n2. **隐藏层**：一个或多个隐藏层\n3. **输出层**：输出结果\n\n\\`\\`\\`\n输入层 → 隐藏层 → 输出层\n\\`\\`\\`\n\n**前向传播（Forward Propagation）**\n\n\\`\\`\\`\n$\\\\mathbf{h} = \\\\sigma(\\\\mathbf{W}_1 \\\\mathbf{x} + \\\\mathbf{b}_1)$\n$\\\\mathbf{y} = \\\\sigma(\\\\mathbf{W}_2 \\\\mathbf{h} + \\\\mathbf{b}_2)$\n\\`\\`\\`\n\n其中：\n- $\\\\sigma$ 是激活函数\n- $\\\\mathbf{h}$ 是隐藏层的输出\n\n## 1.1.3 激活函数\n\n**为什么需要激活函数？**\n\n如果没有激活函数，多层网络等价于单层网络（线性变换的组合还是线性变换）。\n\n激活函数引入非线性，使得神经网络可以逼近任意函数。\n\n**常用激活函数**\n\n**1. Sigmoid**\n\n\\`\\`\\`\n$\\\\sigma(x) = \\\\frac{1}{1 + e^{-x}}$\n\\`\\`\\`\n\n**优点**：\n- 输出在(0, 1)，可以解释为概率\n\n**缺点**：\n- 梯度消失（当|x|很大时，梯度接近0）\n- 输出不是零中心的\n\n**2. Tanh**\n\n\\`\\`\\`\n$\\\\tanh(x) = \\\\frac{e^x - e^{-x}}{e^x + e^{-x}}$\n\\`\\`\\`\n\n**优点**：\n- 输出在(-1, 1)，零中心\n\n**缺点**：\n- 梯度消失\n\n**3. ReLU（Rectified Linear Unit）**\n\n\\`\\`\\`\n$\\\\text{ReLU}(x) = \\\\max(0, x)$\n\\`\\`\\`\n\n**优点**：\n- 计算快\n- 缓解梯度消失\n\n**缺点**：\n- Dead ReLU（当x < 0时，梯度为0）\n\n**4. Leaky ReLU**\n\n\\`\\`\\`\n$\\\\text{Leaky ReLU}(x) = \\\\max(0.01x, x)$\n\\`\\`\\`\n\n**优点**：\n- 解决Dead ReLU问题\n\n**5. Softmax**\n\n用于多分类问题的输出层。\n\n\\`\\`\\`\n$\\\\text{Softmax}(z_i) = \\\\frac{e^{z_i}}{\\\\sum_{j=1}^K e^{z_j}}$\n\\`\\`\\`\n\n## 1.1.4 使用PyTorch搭建神经网络\n\n**安装PyTorch**\n\n\\`\\`\\`bash\npip install torch torchvision\n\\`\\`\\`\n\n**代码示例**\n\n\\`\\`\\`python\nimport torch\nimport torch.nn as nn\nimport torch.optim as optim\n\n# 定义神经网络\nclass MLP(nn.Module):\n    def __init__(self, input_size, hidden_size, output_size):\n        super(MLP, self).__init__()\n        self.fc1 = nn.Linear(input_size, hidden_size)\n        self.relu = nn.ReLU()\n        self.fc2 = nn.Linear(hidden_size, output_size)\n        self.sigmoid = nn.Sigmoid()\n    \n    def forward(self, x):\n        x = self.fc1(x)\n        x = self.relu(x)\n        x = self.fc2(x)\n        x = self.sigmoid(x)\n        return x\n\n# 创建模型\ninput_size = 784   # MNIST图像：28×28 = 784\nhidden_size = 128\noutput_size = 10    # 10个数字\n\nmodel = MLP(input_size, hidden_size, output_size)\nprint(model)\n\n# 定义损失函数和优化器\ncriterion = nn.CrossEntropyLoss()\noptimizer = optim.Adam(model.parameters(), lr=0.001)\n\n# 训练模型（伪代码）\nfor epoch in range(10):\n    for batch_x, batch_y in dataloader:\n        # 前向传播\n        outputs = model(batch_x)\n        loss = criterion(outputs, batch_y)\n        \n        # 反向传播\n        optimizer.zero_grad()\n        loss.backward()\n        optimizer.step()\n    \n    print(f''Epoch {epoch+1}, Loss: {loss.item()}'')\n\\`\\`\\`\n\n---\n\n## 实战练习\n\n### 练习1：实现感知机\n\n**任务**：\n1. 从零实现感知机（不使用PyTorch）\n2. 在AND、OR、XOR数据集上测试\n3. 分析为什么感知机不能处理XOR\n\n### 练习2：搭建MLP\n\n**任务**：\n1. 使用PyTorch搭建MLP\n2. 在MNIST数据集上训练\n3. 尝试不同的激活函数（ReLU、Tanh、Sigmoid）\n4. 对比性能\n\n---\n\n## 本章小结\n\n在本节中，我们学习了：\n\n1. **感知机**：最早的神经元模型\n2. **多层感知机（MLP）**：输入层、隐藏层、输出层\n3. **激活函数**：Sigmoid、Tanh、ReLU、Softmax\n4. **使用PyTorch**：搭建神经网络\n\n**关键要点**：\n- 感知机只能处理线性问题\n- 多层网络 + 非线性激活函数可以处理任意复杂的函数\n- ReLU是最常用的激活函数\n\n**下一节预告**：我们将学习前向传播与反向传播。\n\n---\n\n**恭喜你完成了第1章第1节！** 🎉\n\n---\n\n## 1.2 前向传播与反向传播\n\n### 学习目标\n\n通过本节学习，你将能够：\n- 理解前向传播\n- 掌握反向传播算法\n- 使用PyTorch自动求导\n- 理解计算图\n\n### 1.2.1 前向传播（Forward Propagation）\n\n**直观理解**\n\n前向传播是从输入到输出的计算过程。\n\n**例子：MLP**\n\n\\`\\`\\`\n输入：$\\\\mathbf{x}$\n  ↓\n隐藏层：$\\\\mathbf{h} = \\\\sigma(\\\\mathbf{W}_1 \\\\mathbf{x} + \\\\mathbf{b}_1)$\n  ↓\n输出层：$\\\\mathbf{y} = \\\\text{Softmax}(\\\\mathbf{W}_2 \\\\mathbf{h} + \\\\mathbf{b}_2)$\n  ↓\n损失：$L = \\\\text{CrossEntropy}(\\\\mathbf{y}, \\\\mathbf{y}_{true})$\n\\`\\`\\`\n\n**使用PyTorch**\n\n\\`\\`\\`python\nimport torch\nimport torch.nn as nn\n\n# 定义模型\nmodel = nn.Sequential(\n    nn.Linear(784, 128),\n    nn.ReLU(),\n    nn.Linear(128, 10),\n    nn.Softmax(dim=1)\n)\n\n# 前向传播\nx = torch.randn(64, 784)  # 64个样本，每个784维\ny = model(x)  # 前向传播\nprint(y.shape)  # [64, 10]\n\\`\\`\\`\n\n### 1.2.2 反向传播（Backpropagation）\n\n**直观理解**\n\n反向传播是从输出到输入，计算损失对每个参数的梯度。\n\n**原理：链式法则**\n\n\\`\\`\\`\n如果 $z = f(y)$ 且 $y = g(x)$，那么：\n$\\\\frac{\\\\partial z}{\\\\partial x} = \\\\frac{\\\\partial z}{\\\\partial y} \\\\cdot \\\\frac{\\\\partial y}{\\\\partial x}$\n\\`\\`\\`\n\n**反向传播算法**\n\n1. 前向传播：计算输出和损失\n2. 反向传播：计算梯度\n   - 输出层 → 隐藏层 → 输入层\n   - 使用链式法则\n3. 更新参数：\n   - $w = w - \\\\eta \\\\frac{\\\\partial L}{\\\\partial w}$\n\n**例子**\n\n假设有一个简单的神经网络：$y = w_2 \\\\sigma(w_1 x + b_1) + b_2$\n\n损失：$L = \\\\frac{1}{2} (y - t)^2$\n\n梯度：\n- $\\\\frac{\\\\partial L}{\\\\partial w_2} = (y - t) \\\\sigma(w_1 x + b_1)$\n- $\\\\frac{\\\\partial L}{\\\\partial w_1} = (y - t) w_2 \\\\sigma''(w_1 x + b_1) x$\n\n### 1.2.3 使用PyTorch自动求导\n\nPyTorch使用**autograd**自动计算梯度。\n\n**代码示例**\n\n\\`\\`\\`python\nimport torch\n\n# 创建张量\nx = torch.randn(3, requires_grad=True)\nw = torch.randn(3, requires_grad=True)\nb = torch.randn(1, requires_grad=True)\n\n# 前向传播\ny = torch.sum(w * x) + b\n\n# 反向传播\ny.backward()\n\n# 查看梯度\nprint(x.grad)  # ∂y/∂x\nprint(w.grad)  # ∂y/∂w\nprint(b.grad)  # ∂y/∂b\n\n# 更新参数（手动）\nlearning_rate = 0.01\nwith torch.no_grad():\n    w -= learning_rate * w.grad\n    b -= learning_rate * b.grad\n    \n    # 清零梯度\n    w.grad.zero_()\n    b.grad.zero_()\n\\`\\`\\`\n\n**使用优化器**\n\n\\`\\`\\`python\nimport torch.optim as optim\n\n# 创建优化器\noptimizer = optim.SGD([w, b], lr=0.01)\n\n# 训练循环\nfor epoch in range(100):\n    # 前向传播\n    y = torch.sum(w * x) + b\n    loss = torch.sum((y - target)**2)\n    \n    # 反向传播\n    optimizer.zero_grad()\n    loss.backward()\n    \n    # 更新参数\n    optimizer.step()\n\\`\\`\\`\n\n### 1.2.4 计算图（Computational Graph）\n\n**什么是计算图？**\n\n计算图是计算过程的可视化表示。\n\n**例子**\n\n\\`\\`\\`\n$z = (w_1 x_1 + w_2 x_2) + (w_3 x_3)$\n\\`\\`\\`\n\n计算图：\n\n\\`\\`\\`\nx1 ─┐\n    ├─→ * ─┐\nw1 ─┘    │\n          ├─→ + ─→ z\nx2 ─┐    │\n    ├─→ * ─┘\nw2 ─┘\n\\`\\`\\`\n\n**PyTorch的动态计算图**\n\nPyTorch使用动态计算图（每次前向传播都会重新构建计算图）。\n\n\\`\\`\\`python\nimport torch\n\nx = torch.randn(3, requires_grad=True)\n\n# 第一次前向传播\ny = x * 2\ny.backward(torch.ones_like(y))\n\n# 第二次前向传播（计算图会重新构建）\ny = x * 3\ny.backward(torch.ones_like(y))\n\\`\\`\\`\n\n---\n\n## 实战练习\n\n### 练习1：手动实现反向传播\n\n**任务**：\n1. 从零实现反向传播（不使用PyTorch autograd）\n2. 对一个简单的神经网络（如：MLP）\n3. 对比手动实现的版本和PyTorch的版本\n\n### 练习2：可视化计算图\n\n**任务**：\n1. 使用TensorBoard或PyTorchViz可视化计算图\n2. 分析计算图的结构\n\n---\n\n## 本章小结\n\n在本节中，我们学习了：\n\n1. **前向传播**：从输入到输出的计算\n2. **反向传播**：使用链式法则计算梯度\n3. **PyTorch自动求导**："}]'::jsonb,
  30,
  1
);
INSERT INTO sections(id, chapter_id, title, content_type, content, duration_minutes, sort_order) VALUES(
  '50ecf75f-1077-e1d2-50a7-81764b89cbc2'::uuid,
  'eec2c872-83b5-4c24-faca-4a8ad1686839'::uuid,
  '',
  'markdown',
  '[{"type":"markdown","content":""}]'::jsonb,
  0,
  0
);

-- ====== L4: 自然语言处理与Transformer ======
INSERT INTO courses(id, code, title, level, description, cover_url, sort_order, xp_reward, is_required, estimated_hours) VALUES(
  'b483bb8a-9710-aab2-493b-de0b2a829311'::uuid,
  'L4_NLP_TRANSFORMER',
  '自然语言处理与Transformer',
  4,
  '深入学习NLP、Transformer、大语言模型。适合有深度学习基础、想学习NLP和LLM的开发者。',
  'https://example.com/thumbnails/l4-nlp-transformer.jpg',
  4,
  200,
  true,
  5
);

INSERT INTO chapters(id, course_id, title, sort_order) VALUES(
  '959ed075-17fc-5ba4-48c9-6691315f8b53'::uuid,
  'b483bb8a-9710-aab2-493b-de0b2a829311'::uuid,
  '第1章：NLP基础',
  1
);
INSERT INTO sections(id, chapter_id, title, content_type, content, duration_minutes, sort_order) VALUES(
  'ed546b9c-52d0-83f2-5dfa-a1a53374e593'::uuid,
  '959ed075-17fc-5ba4-48c9-6691315f8b53'::uuid,
  '1.1 文本预处理',
  'markdown',
  '[{"type":"markdown","content":"\n# 1.1 文本预处理\n\n## 学习目标\n\n通过本节学习，你将能够：\n- 理解文本预处理的重要性\n- 掌握文本清洗、分词、去除停用词等技术\n- 使用NLTK、spaCy等工具进行文本预处理\n- 了解中文分词的特殊性\n\n---\n\n## 1.1.1 为什么需要文本预处理？\n\n**问题**：\n- 原始文本包含噪声（标点符号、特殊字符、停用词等）\n- 计算机无法直接理解文本\n- 需要将文本转换为数值形式\n\n**解决方案**：文本预处理\n- 清洗文本\n- 分词（Tokenization）\n- 去除停用词\n- 词形还原（Lemmatization）/词干提取（Stemming）\n- 转换为数值表示\n\n## 1.1.2 文本预处理的步骤\n\n### 1. 文本清洗（Text Cleaning）\n\n**任务**：\n- 去除HTML标签\n- 去除标点符号\n- 去除特殊字符\n- 转换为小写\n\n**代码示例**（使用正则表达式）：\n\n\\`\\`\\`python\nimport re\n\ndef clean_text(text):\n    # 去除HTML标签\n    text = re.sub(r''<[^>]+>'', '''', text)\n    # 去除标点符号和特殊字符\n    text = re.sub(r''[^a-zA-Z0-9\\s]'', '''', text)\n    # 转换为小写\n    text = text.lower()\n    return text\n\ntext = \"<p>Hello, World! This is a test.</p>\"\ncleaned_text = clean_text(text)\nprint(cleaned_text)  # hello world this is a test\n\\`\\`\\`\n\n### 2. 分词（Tokenization）\n\n**任务**：将文本分割成单词或子词\n\n**英文分词**（使用NLTK）：\n\n\\`\\`\\`python\nimport nltk\nfrom nltk.tokenize import word_tokenize\n\ntext = \"Hello, world! This is a test.\"\ntokens = word_tokenize(text)\nprint(tokens)  # [''Hello'', '','', ''world'', ''!'', ''This'', ''is'', ''a'', ''test'', ''.'']\n\\`\\`\\`\n\n**中文分词**（使用jieba）：\n\n\\`\\`\\`python\nimport jieba\n\ntext = \"我爱自然语言处理\"\ntokens = jieba.lcut(text)\nprint(tokens)  # [''我'', ''爱'', ''自然语言处理'']\n\\`\\`\\`\n\n### 3. 去除停用词（Stop Words Removal）\n\n**停用词**：在文本中频繁出现但对语义贡献不大的词（如：the, is, at, which）\n\n**代码示例**（使用NLTK）：\n\n\\`\\`\\`python\nfrom nltk.corpus import stopwords\nimport nltk\n\nnltk.download(''stopwords'')\nstop_words = set(stopwords.words(''english''))\n\ntext = \"This is a simple example of stop words removal.\"\ntokens = word_tokenize(text)\nfiltered_tokens = [word for word in tokens if word.lower() not in stop_words]\nprint(filtered_tokens)  # [''simple'', ''example'', ''stop'', ''words'', ''removal'', ''.'']\n\\`\\`\\`\n\n### 4. 词形还原和词干提取\n\n**词形还原（Lemmatization）**：将单词还原为原型（如：running → run, better → good）\n\n**词干提取（Stemming）**：将单词还原为词根（如：running → run, better → bett）\n\n**代码示例**：\n\n\\`\\`\\`python\nfrom nltk.stem import WordNetLemmatizer, PorterStemmer\n\n# 词形还原\nlemmatizer = WordNetLemmatizer()\nprint(lemmatizer.lemmatize(''running'', pos=''v''))  # run\nprint(lemmatizer.lemmatize(''better'', pos=''a''))   # good\n\n# 词干提取\nstemmer = PorterStemmer()\nprint(stemmer.stem(''running''))  # run\nprint(stemmer.stem(''better''))   # better（词干提取可能不准确）\n\\`\\`\\`\n\n## 1.1.3 使用spaCy进行文本预处理\n\n**spaCy**是一个强大的NLP库，集成了多种预处理功能。\n\n**代码示例**：\n\n\\`\\`\\`python\nimport spacy\n\n# 加载英文模型\nnlp = spacy.load(''en_core_web_sm'')\n\ntext = \"Apple is looking at buying U.K. startup for $1 billion.\"\ndoc = nlp(text)\n\n# 分词\ntokens = [token.text for token in doc]\nprint(tokens)\n\n# 去除停用词和标点符号\nfiltered_tokens = [token.text for token in doc if not token.is_stop and not token.is_punct]\nprint(filtered_tokens)\n\n# 词形还原\nlemmas = [token.lemma_ for token in doc]\nprint(lemmas)\n\\`\\`\\`\n\n## 1.1.4 中文文本预处理\n\n**挑战**：\n- 中文没有空格分隔单词\n- 需要专门的分词工具\n\n**工具**：\n- **jieba**：最常用的中文分词工具\n- **pkuseg**：北京大学开发的分词工具\n- **THULAC**：清华大学开发的分词工具\n\n**代码示例**（使用jieba）：\n\n\\`\\`\\`python\nimport jieba\nimport re\n\ndef clean_chinese_text(text):\n    # 去除标点符号和特殊字符\n    text = re.sub(r''[^\\u4e00-\\u9fa5\\s]'', '''', text)\n    return text\n\ndef tokenize_chinese_text(text):\n    # 分词\n    tokens = jieba.lcut(text)\n    # 去除停用词（需要自己准备中文停用词表）\n    stop_words = set([''的'', ''了'', ''在'', ''是'', ''我'', ''有'', ''和'', ''就'', ''不'', ''人'', ''都'', ''一'', ''一个'', ''上'', ''也'', ''很'', ''到'', ''说'', ''要'', ''去'', ''你'', ''会'', ''着'', ''没有'', ''看'', ''好'', ''自己'', ''这''])\n    filtered_tokens = [token for token in tokens if token not in stop_words]\n    return filtered_tokens\n\ntext = \"我爱自然语言处理！这是一个很好的工具。\"\ncleaned_text = clean_chinese_text(text)\ntokens = tokenize_chinese_text(cleaned_text)\nprint(tokens)  # [''我'', ''爱'', ''自然语言处理'', ''这是'', ''一个'', ''很'', ''好'', ''工具'']\n\\`\\`\\`\n\n---\n\n## 实战练习\n\n### 练习1：英文文本预处理\n\n**任务**：\n1. 使用NLTK对一段英文文本进行预处理\n2. 包括：文本清洗、分词、去除停用词、词形还原\n\n### 练习2：中文文本预处理\n\n**任务**：\n1. 使用jieba对一段中文文本进行预处理\n2. 包括：文本清洗、分词、去除停用词\n\n---\n\n## 本章小结\n\n在本节中，我们学习了：\n1. **文本预处理的重要性**：清洗噪声，转换为数值形式\n2. **文本预处理的步骤**：清洗、分词、去除停用词、词形还原\n3. **工具**：NLTK、spaCy、jieba\n4. **中英文预处理的差异**\n\n**关键要点**：\n- 文本预处理是NLP的基础\n- 英文有空格分隔，中文需要分词\n- 选择合适的工具可以提高效率\n\n**下一节预告**：我们将学习词嵌入（Word Embedding）。\n\n---\n\n**恭喜你完成了第1章第1节！** 🎉\n        "}]'::jsonb,
  30,
  1
);
INSERT INTO sections(id, chapter_id, title, content_type, content, duration_minutes, sort_order) VALUES(
  '0c266521-a66f-61c1-d63f-46f6bdd260b7'::uuid,
  '959ed075-17fc-5ba4-48c9-6691315f8b53'::uuid,
  '1.2 词嵌入（Word Embedding）',
  'markdown',
  '[{"type":"markdown","content":"\n# 1.2 词嵌入（Word Embedding）\n\n## 学习目标\n\n通过本节学习，你将能够：\n- 理解词嵌入的原理\n- 掌握Word2Vec、GloVe、FastText等算法\n- 使用预训练的词嵌入模型\n- 了解词嵌入的应用场景\n\n---\n\n## 1.2.1 什么是词嵌入？\n\n**问题**：\n- 计算机无法直接理解单词\n- 需要将单词转换为数值形式\n\n**解决方案**：词嵌入（Word Embedding）\n- 将单词映射到连续的向量空间\n- 语义相似的单词在向量空间中距离较近\n\n**示例**：\n- king - man + woman ≈ queen\n- 词嵌入可以捕捉语义关系\n\n## 1.2.2 常用的词嵌入算法\n\n### 1. Word2Vec\n\n**原理**：\n- 使用神经网络学习词嵌入\n- 两种模型：\n  - **CBOW**（Continuous Bag of Words）：根据上下文预测中心词\n  - **Skip-gram**：根据中心词预测上下文\n\n**代码示例**（使用Gensim）：\n\n\\`\\`\\`python\nfrom gensim.models import Word2Vec\n\n# 准备语料\nsentences = [\n    [''this'', ''is'', ''a'', ''sentence''],\n    [''this'', ''is'', ''another'', ''sentence'']\n]\n\n# 训练Word2Vec模型\nmodel = Word2Vec(sentences, vector_size=100, window=5, min_count=1, workers=4)\n\n# 获取词向量\nvector = model.wv[''sentence'']\nprint(vector.shape)  # (100,)\n\n# 找相似词\nsimilar_words = model.wv.most_similar(''sentence'', topn=5)\nprint(similar_words)\n\\`\\`\\`\n\n### 2. GloVe\n\n**原理**：\n- 基于全局词频统计\n- 训练目标：词的共现概率比\n\n**使用预训练的GloVe词嵌入**：\n\n\\`\\`\\`python\nimport numpy as np\n\n# 加载预训练的GloVe词嵌入\ndef load_glove_embeddings(glove_file):\n    embeddings = {}\n    with open(glove_file, ''r'', encoding=''utf-8'') as f:\n        for line in f:\n            values = line.split()\n            word = values[0]\n            vector = np.asarray(values[1:], dtype=''float32'')\n            embeddings[word] = vector\n    return embeddings\n\nembeddings = load_glove_embeddings(''glove.6B.100d.txt'')\nvector = embeddings[''sentence'']\nprint(vector.shape)  # (100,)\n\\`\\`\\`\n\n### 3. FastText\n\n**原理**：\n- 基于子词（subword）的嵌入\n- 可以处理未登录词（out-of-vocabulary words）\n\n**代码示例**（使用Gensim）：\n\n\\`\\`\\`python\nfrom gensim.models import FastText\n\n# 准备语料\nsentences = [\n    [''this'', ''is'', ''a'', ''sentence''],\n    [''this'', ''is'', ''another'', ''sentence'']\n]\n\n# 训练FastText模型\nmodel = FastText(sentences, vector_size=100, window=5, min_count=1, workers=4)\n\n# 获取词向量\nvector = model.wv[''sentence'']\nprint(vector.shape)  # (100,)\n\n# FastText可以处理未登录词\nvector = model.wv[''sentencer'']  # 未登录词\nprint(vector.shape)  # (100,)\n\\`\\`\\`\n\n## 1.2.3 使用预训练的词嵌入模型\n\n**常用的预训练词嵌入模型**：\n- **Word2Vec**：Google提供的预训练模型\n- **GloVe**：Stanford提供的预训练模型\n- **FastText**：Facebook提供的预训练模型\n\n**在PyTorch中使用预训练词嵌入**：\n\n\\`\\`\\`python\nimport torch\nimport torch.nn as nn\n\n# 假设我们已经有了词嵌入矩阵（从预训练模型加载）\nembedding_matrix = torch.randn(10000, 100)  # 10000个词，每个词100维\n\n# 创建嵌入层\nembedding_layer = nn.Embedding.from_pretrained(embedding_matrix, freeze=False)\n\n# 使用嵌入层\ninput_ids = torch.LongTensor([[1, 2, 3], [4, 5, 6]])  # 词的ID\nembeddings = embedding_layer(input_ids)\nprint(embeddings.shape)  # torch.Size([2, 3, 100])\n\\`\\`\\`\n\n## 1.2.4 词嵌入的应用场景\n\n**应用**：\n1. **文本分类**：将文本转换为词嵌入，然后输入分类器\n2. **情感分析**：使用词嵌入捕捉情感信息\n3. **机器翻译**：将源语言和目标语言的词映射到同一空间\n4. **推荐系统**：使用词嵌入表示用户和物品\n\n---\n\n## 实战练习\n\n### 练习1：训练Word2Vec模型\n\n**任务**：\n1. 使用Gensim训练一个Word2Vec模型\n2. 在自定义数据集上训练\n3. 测试词向量的质量（找相似词）\n\n### 练习2：使用预训练的GloVe词嵌入\n\n**任务**：\n1. 加载预训练的GloVe词嵌入\n2. 在文本分类任务上使用\n3. 对比使用和不使用预训练词嵌入的性能\n\n---\n\n## 本章小结\n\n在本节中，我们学习了：\n1. **词嵌入的原理**：将单词映射到向量空间\n2. **常用算法**：Word2Vec、GloVe、FastText\n3. **使用预训练模型**：加载和使用预训练词嵌入\n4. **应用场景**：文本分类、情感分析等\n\n**关键要点**：\n- 词嵌入可以捕捉语义关系\n- 预训练词嵌入可以提升模型性能\n- FastText可以处理未登录词\n\n**下一节预告**：我们将学习循环神经网络（RNN）。\n\n---\n\n**恭喜你完成了第1章第2节！** 🎉\n        "}]'::jsonb,
  30,
  2
);

INSERT INTO chapters(id, course_id, title, sort_order) VALUES(
  'b3a60eb7-962e-0c87-81b0-cf4a824b918e'::uuid,
  'b483bb8a-9710-aab2-493b-de0b2a829311'::uuid,
  '第2章：循环神经网络与注意力机制',
  2
);
INSERT INTO sections(id, chapter_id, title, content_type, content, duration_minutes, sort_order) VALUES(
  'ff2f26ce-f35f-625e-0509-ded9876dc403'::uuid,
  'b3a60eb7-962e-0c87-81b0-cf4a824b918e'::uuid,
  '2.1 循环神经网络（RNN）',
  'markdown',
  '[{"type":"markdown","content":"\n# 2.1 循环神经网络（RNN）\n\n## 学习目标\n\n通过本节学习，你将能够：\n- 理解RNN的原理\n- 掌握RNN的结构\n- 使用PyTorch实现RNN\n- 了解RNN的应用场景\n\n---\n\n## 2.1.1 为什么需要RNN？\n\n**问题**：\n- 传统神经网络假设输入是独立的\n- 但序列数据（如文本、语音）有顺序关系\n\n**解决方案**：循环神经网络（Recurrent Neural Network, RNN）\n- 可以处理序列数据\n- 有\"记忆\"能力\n\n## 2.1.2 RNN的结构\n\n**结构**：\n- 输入：$x_1, x_2, ..., x_t$\n- 隐藏状态：$h_t = tanh(W_h h_{t-1} + W_x x_t + b)$\n- 输出：$y_t = W_y h_t + c$\n\n**PyTorch实现**：\n\n\\`\\`\\`python\nimport torch\nimport torch.nn as nn\n\nclass RNN(nn.Module):\n    def __init__(self, input_size, hidden_size, output_size):\n        super(RNN, self).__init__()\n        self.hidden_size = hidden_size\n        self.rnn = nn.RNN(input_size, hidden_size, batch_first=True)\n        self.fc = nn.Linear(hidden_size, output_size)\n    \n    def forward(self, x):\n        # x shape: (batch_size, sequence_length, input_size)\n        h0 = torch.zeros(1, x.size(0), self.hidden_size).to(x.device)\n        out, _ = self.rnn(x, h0)\n        out = self.fc(out[:, -1, :])  # 只取最后一个时间步的输出\n        return out\n\n# 使用示例\nmodel = RNN(input_size=100, hidden_size=128, output_size=10)\nx = torch.randn(32, 50, 100)  # (batch_size, sequence_length, input_size)\noutput = model(x)\nprint(output.shape)  # torch.Size([32, 10])\n\\`\\`\\`\n\n## 2.1.3 RNN的训练：BPTT\n\n**BPTT（Backpropagation Through Time）**：\n- 将RNN展开为多个时间步\n- 然后应用反向传播\n\n**问题**：\n- 梯度消失（Gradient Vanishing）\n- 梯度爆炸（Gradient Exploding）\n\n## 2.1.4 RNN的应用场景\n\n**应用**：\n1. **语言模型**：预测下一个词\n2. **文本生成**：生成文本\n3. **机器翻译**：seq2seq模型\n4. **语音识别**：将语音转换为文本\n\n---\n\n## 实战练习\n\n### 练习1：使用RNN进行文本分类\n\n**任务**：\n1. 使用RNN对IMDB电影评论进行情感分类\n2. 对比RNN和全连接网络的性能\n\n### 练习2：实现简单的语言模型\n\n**任务**：\n1. 使用RNN训练一个语言模型\n2. 生成文本\n\n---\n\n## 本章小结\n\n在本节中，我们学习了：\n1. **RNN的原理**：处理序列数据\n2. **RNN的结构**：隐藏状态、输出\n3. **PyTorch实现**：使用nn.RNN\n4. **应用场景**：语言模型、文本生成等\n\n**关键要点**：\n- RNN可以处理序列数据\n- RNN有梯度消失和梯度爆炸问题\n- 使用PyTorch可以轻松实现RNN\n\n**下一节预告**：我们将学习长短期记忆网络（LSTM）。\n\n---\n\n**恭喜你完成了第2章第1节！** 🎉\n        "}]'::jsonb,
  30,
  1
);
INSERT INTO sections(id, chapter_id, title, content_type, content, duration_minutes, sort_order) VALUES(
  '0b23d4a7-15c5-a868-7413-f650ef4a21cf'::uuid,
  'b3a60eb7-962e-0c87-81b0-cf4a824b918e'::uuid,
  '2.2 长短期记忆网络（LSTM）',
  'markdown',
  '[{"type":"markdown","content":"\n# 2.2 长短期记忆网络（LSTM）\n\n## 学习目标\n\n通过本节学习，你将能够：\n- 理解LSTM的原理\n- 掌握LSTM的结构\n- 使用PyTorch实现LSTM\n- 了解LSTM的应用场景\n\n---\n\n## 2.2.1 为什么需要LSTM？\n\n**问题**：\n- RNN有梯度消失问题\n- 无法捕捉长期依赖关系\n\n**解决方案**：长短期记忆网络（Long Short-Term Memory, LSTM）\n- 引入门控机制\n- 可以捕捉长期依赖关系\n\n## 2.2.2 LSTM的结构\n\n**结构**：\n- 遗忘门（Forget Gate）：$f_t = \\sigma(W_f \\cdot [h_{t-1}, x_t] + b_f)$\n- 输入门（Input Gate）：$i_t = \\sigma(W_i \\cdot [h_{t-1}, x_t] + b_i)$\n- 候选值（Candidate Value）：$\\tilde{C}_t = tanh(W_C \\cdot [h_{t-1}, x_t] + b_C)$\n- 细胞状态（Cell State）：$C_t = f_t * C_{t-1} + i_t * \\tilde{C}_t$\n- 输出门（Output Gate）：$o_t = \\sigma(W_o \\cdot [h_{t-1}, x_t] + b_o)$\n- 隐藏状态（Hidden State）：$h_t = o_t * tanh(C_t)$\n\n**PyTorch实现**：\n\n\\`\\`\\`python\nimport torch\nimport torch.nn as nn\n\nclass LSTM(nn.Module):\n    def __init__(self, input_size, hidden_size, output_size):\n        super(LSTM, self).__init__()\n        self.hidden_size = hidden_size\n        self.lstm = nn.LSTM(input_size, hidden_size, batch_first=True)\n        self.fc = nn.Linear(hidden_size, output_size)\n    \n    def forward(self, x):\n        # x shape: (batch_size, sequence_length, input_size)\n        h0 = torch.zeros(1, x.size(0), self.hidden_size).to(x.device)\n        c0 = torch.zeros(1, x.size(0), self.hidden_size).to(x.device)\n        out, _ = self.lstm(x, (h0, c0))\n        out = self.fc(out[:, -1, :])  # 只取最后一个时间步的输出\n        return out\n\n# 使用示例\nmodel = LSTM(input_size=100, hidden_size=128, output_size=10)\nx = torch.randn(32, 50, 100)  # (batch_size, sequence_length, input_size)\noutput = model(x)\nprint(output.shape)  # torch.Size([32, 10])\n\\`\\`\\`\n\n## 2.2.3 LSTM vs. RNN\n\n**优势**：\n- 可以捕捉长期依赖关系\n- 缓解梯度消失问题\n\n**劣势**：\n- 计算量更大\n- 参数更多\n\n## 2.2.4 LSTM的应用场景\n\n**应用**：\n1. **语言模型**：预测下一个词\n2. **机器翻译**：seq2seq模型\n3. **语音识别**：将语音转换为文本\n4. **时间序列预测**：预测股票价格、天气等\n\n---\n\n## 实战练习\n\n### 练习1：使用LSTM进行文本分类\n\n**任务**：\n1. 使用LSTM对IMDB电影评论进行情感分类\n2. 对比LSTM和RNN的性能\n\n### 练习2：使用LSTM进行时间序列预测\n\n**任务**：\n1. 使用LSTM预测股票价格\n2. 对比LSTM和ARIMA的性能\n\n---\n\n## 本章小结\n\n在本节中，我们学习了：\n1. **LSTM的原理**：引入门控机制\n2. **LSTM的结构**：遗忘门、输入门、输出门\n3. **PyTorch实现**：使用nn.LSTM\n4. **应用场景**：语言模型、机器翻译等\n\n**关键要点**：\n- LSTM可以捕捉长期依赖关系\n- LSTM比RNN计算量更大\n- 使用PyTorch可以轻松实现LSTM\n\n**下一节预告**：我们将学习注意力机制（Attention Mechanism）。\n\n---\n\n**恭喜你完成了第2章第2节！** 🎉\n        "}]'::jsonb,
  30,
  2
);
INSERT INTO sections(id, chapter_id, title, content_type, content, duration_minutes, sort_order) VALUES(
  '0edfb18b-4efe-d36d-0e79-03f00176d233'::uuid,
  'b3a60eb7-962e-0c87-81b0-cf4a824b918e'::uuid,
  '2.3 注意力机制（Attention Mechanism）',
  'markdown',
  '[{"type":"markdown","content":"\n# 2.3 注意力机制（Attention Mechanism）\n\n## 学习目标\n\n通过本节学习，你将能够：\n- 理解注意力机制的原理\n- 掌握Self-Attention、Multi-Head Attention\n- 使用PyTorch实现注意力机制\n- 了解注意力机制的应用场景\n\n---\n\n## 2.3.1 为什么需要注意力机制？\n\n**问题**：\n- RNN/LSTM只能捕捉局部依赖关系\n- 无法并行计算\n\n**解决方案**：注意力机制（Attention Mechanism）\n- 可以捕捉全局依赖关系\n- 可以并行计算\n\n## 2.3.2 注意力机制的原理\n\n**基本公式**：\n\n$Attention(Q, K, V) = softmax(\\frac{QK^T}{\\sqrt{d_k}})V$\n\n其中：\n- $Q$（Query）：查询\n- $K$（Key）：键\n- $V$（Value）：值\n- $d_k$：缩放因子\n\n**PyTorch实现**：\n\n\\`\\`\\`python\nimport torch\nimport torch.nn as nn\nimport torch.nn.functional as F\n\ndef attention(query, key, value):\n    d_k = query.size(-1)\n    scores = torch.matmul(query, key.transpose(-2, -1)) / torch.sqrt(torch.tensor(d_k, dtype=torch.float))\n    attention_weights = F.softmax(scores, dim=-1)\n    output = torch.matmul(attention_weights, value)\n    return output, attention_weights\n\n# 使用示例\nQ = torch.randn(1, 5, 64)  # (batch_size, sequence_length, d_model)\nK = torch.randn(1, 5, 64)\nV = torch.randn(1, 5, 64)\n\noutput, attention_weights = attention(Q, K, V)\nprint(output.shape)  # torch.Size([1, 5, 64])\nprint(attention_weights.shape)  # torch.Size([1, 5, 5])\n\\`\\`\\`\n\n## 2.3.3 Self-Attention\n\n**原理**：\n- Q、K、V都来自同一个输入\n\n**PyTorch实现**：\n\n\\`\\`\\`python\nclass SelfAttention(nn.Module):\n    def __init__(self, d_model):\n        super(SelfAttention, self).__init__()\n        self.d_model = d_model\n        self.W_q = nn.Linear(d_model, d_model)\n        self.W_k = nn.Linear(d_model, d_model)\n        self.W_v = nn.Linear(d_model, d_model)\n    \n    def forward(self, x):\n        # x shape: (batch_size, sequence_length, d_model)\n        Q = self.W_q(x)\n        K = self.W_k(x)\n        V = self.W_v(x)\n        \n        d_k = self.d_model\n        scores = torch.matmul(Q, K.transpose(-2, -1)) / torch.sqrt(torch.tensor(d_k, dtype=torch.float))\n        attention_weights = F.softmax(scores, dim=-1)\n        output = torch.matmul(attention_weights, V)\n        return output, attention_weights\n\n# 使用示例\nmodel = SelfAttention(d_model=64)\nx = torch.randn(1, 5, 64)\noutput, attention_weights = model(x)\nprint(output.shape)  # torch.Size([1, 5, 64])\n\\`\\`\\`\n\n## 2.3.4 Multi-Head Attention\n\n**原理**：\n- 使用多个注意力头\n- 每个头学习不同的表示\n\n**PyTorch实现**：\n\n\\`\\`\\`python\nclass MultiHeadAttention(nn.Module):\n    def __init__(self, d_model, num_heads):\n        super(MultiHeadAttention, self).__init__()\n        self.d_model = d_model\n        self.num_heads = num_heads\n        self.d_k = d_model // num_heads\n        \n        self.W_q = nn.Linear(d_model, d_model)\n        self.W_k = nn.Linear(d_model, d_model)\n        self.W_v = nn.Linear(d_model, d_model)\n        self.W_o = nn.Linear(d_model, d_model)\n    \n    def forward(self, x):\n        batch_size, sequence_length, d_model = x.size()\n        \n        # Linear projections\n        Q = self.W_q(x).view(batch_size, sequence_length, self.num_heads, self.d_k).transpose(1, 2)\n        K = self.W_k(x).view(batch_size, sequence_length, self.num_heads, self.d_k).transpose(1, 2)\n        V = self.W_v(x).view(batch_size, sequence_length, self.num_heads, self.d_k).transpose(1, 2)\n        \n        # Attention\n        scores = torch.matmul(Q, K.transpose(-2, -1)) / torch.sqrt(torch.tensor(self.d_k, dtype=torch.float))\n        attention_weights = F.softmax(scores, dim=-1)\n        output = torch.matmul(attention_weights, V)\n        \n        # Concatenate heads\n        output = output.transpose(1, 2).contiguous().view(batch_size, sequence_length, d_model)\n        \n        # Linear projection\n        output = self.W_o(output)\n        return output, attention_weights\n\n# 使用示例\nmodel = MultiHeadAttention(d_model=64, num_heads=8)\nx = torch.randn(1, 5, 64)\noutput, attention_weights = model(x)\nprint(output.shape)  # torch.Size([1, 5, 64])\n\\`\\`\\`\n\n## 2.3.5 注意力机制的应用场景\n\n**应用**：\n1. **机器翻译**：Seq2Seq with Attention\n2. **文本摘要**：捕捉关键信息\n3. **图像描述**：Attention-based Image Captioning\n4. **Transformer**：完全基于注意力机制\n\n---\n\n## 实战练习\n\n### 练习1：实现Self-Attention\n\n**任务**：\n1. 从零实现Self-Attention\n2. 测试不同输入的效果\n\n### 练习2：实现Multi-Head Attention\n\n**任务**：\n1. 从零实现Multi-Head Attention\n2. 对比Single-Head和Multi-Head的效果\n\n---\n\n## 本章小结\n\n在本节中，我们学习了：\n1. **注意力机制的原理**：Q、K、V\n2. **Self-Attention**：Q、K、V来自同一输入\n3. **Multi-Head Attention**：多个注意力头\n4. **应用场景**：机器翻译、文本摘要等\n\n**关键要点**：\n- 注意力机制可以捕捉全局依赖关系\n- Multi-Head Attention可以学习不同的表示\n- 注意力机制是Transformer的基础\n\n**下一章预告**：我们将学习Transformer架构。\n\n---\n\n**恭喜你完成了第2章！** 🎉🎉🎉\n        "}]'::jsonb,
  30,
  3
);

INSERT INTO chapters(id, course_id, title, sort_order) VALUES(
  'a70d43cc-555e-4a02-5c0b-8b9b4be9936f'::uuid,
  'b483bb8a-9710-aab2-493b-de0b2a829311'::uuid,
  '第3章：Transformer架构',
  3
);
INSERT INTO sections(id, chapter_id, title, content_type, content, duration_minutes, sort_order) VALUES(
  'f829f1bf-a0ca-142f-7b1b-4f42720cb95e'::uuid,
  'a70d43cc-555e-4a02-5c0b-8b9b4be9936f'::uuid,
  '3.1 Transformer架构详解',
  'markdown',
  '[{"type":"markdown","content":"\n# 3.1 Transformer架构详解\n\n## 学习目标\n\n通过本节学习，你将能够：\n- 理解Transformer的整体架构\n- 掌握Encoder和Decoder的结构\n- 理解Position Encoding的作用\n- 使用PyTorch实现Transformer\n\n---\n\n## 3.1.1 为什么需要Transformer？\n\n**问题**：\n- RNN/LSTM无法并行计算\n- 难以捕捉长距离依赖关系\n\n**解决方案**：Transformer\n- 完全基于注意力机制\n- 可以并行计算\n- 可以捕捉长距离依赖关系\n\n## 3.1.2 Transformer的整体架构\n\n**结构**：\n- **Encoder**：编码输入序列\n- **Decoder**：解码输出序列\n\n**流程图**：\n\n\\`\\`\\`\nInput → Encoder (N层) → Encoder Output\n                                      ↓\nTarget → Decoder (N层) → Output\n\\`\\`\\`\n\n## 3.1.3 Encoder的结构\n\n**每层包含**：\n1. **Multi-Head Attention**\n2. **Add & Norm**（残差连接 + Layer Normalization）\n3. **Feed Forward Network**\n4. **Add & Norm**\n\n**PyTorch实现**：\n\n\\`\\`\\`python\nimport torch\nimport torch.nn as nn\nimport torch.nn.functional as F\n\nclass EncoderLayer(nn.Module):\n    def __init__(self, d_model, num_heads, d_ff):\n        super(EncoderLayer, self).__init__()\n        self.self_attn = nn.MultiheadAttention(d_model, num_heads)\n        self.feed_forward = nn.Sequential(\n            nn.Linear(d_model, d_ff),\n            nn.ReLU(),\n            nn.Linear(d_ff, d_model)\n        )\n        self.norm1 = nn.LayerNorm(d_model)\n        self.norm2 = nn.LayerNorm(d_model)\n    \n    def forward(self, x):\n        # Multi-Head Attention\n        attn_output, _ = self.self_attn(x, x, x)\n        x = self.norm1(x + attn_output)\n        \n        # Feed Forward Network\n        ff_output = self.feed_forward(x)\n        x = self.norm2(x + ff_output)\n        \n        return x\n\n# 使用示例\nencoder_layer = EncoderLayer(d_model=512, num_heads=8, d_ff=2048)\nx = torch.randn(1, 10, 512)  # (batch_size, sequence_length, d_model)\noutput = encoder_layer(x)\nprint(output.shape)  # torch.Size([1, 10, 512])\n\\`\\`\\`\n\n## 3.1.4 Decoder的结构\n\n**每层包含**：\n1. **Masked Multi-Head Attention**（防止看到未来信息）\n2. **Add & Norm**\n3. **Multi-Head Attention**（接受Encoder的输出）\n4. **Add & Norm**\n5. **Feed Forward Network**\n6. **Add & Norm**\n\n## 3.1.5 Position Encoding\n\n**问题**：\n- Transformer没有循环结构，无法捕捉序列的顺序信息\n\n**解决方案**：Position Encoding\n- 将位置信息编码到嵌入中\n\n**公式**：\n\n$PE_{(pos, 2i)} = sin(\\frac{pos}{10000^{2i/d_{model}}})$\n\n$PE_{(pos, 2i+1)} = cos(\\frac{pos}{10000^{2i/d_{model}}})$\n\n**PyTorch实现**：\n\n\\`\\`\\`python\nclass PositionEncoding(nn.Module):\n    def __init__(self, d_model, max_len=5000):\n        super(PositionEncoding, self).__init__()\n        \n        pe = torch.zeros(max_len, d_model)\n        position = torch.arange(0, max_len).unsqueeze(1)\n        div_term = torch.exp(torch.arange(0, d_model, 2) * -(math.log(10000.0) / d_model))\n        \n        pe[:, 0::2] = torch.sin(position * div_term)\n        pe[:, 1::2] = torch.cos(position * div_term)\n        \n        pe = pe.unsqueeze(0)\n        self.register_buffer(''pe'', pe)\n    \n    def forward(self, x):\n        x = x + self.pe[:, :x.size(1)]\n        return x\n\n# 使用示例\npos_encoding = PositionEncoding(d_model=512)\nx = torch.randn(1, 10, 512)\noutput = pos_encoding(x)\nprint(output.shape)  # torch.Size([1, 10, 512])\n\\`\\`\\`\n\n---\n\n## 实战练习\n\n### 练习1：实现Transformer Encoder\n\n**任务**：\n1. 从零实现Transformer Encoder\n2. 测试Encoder的效果\n\n### 练习2：实现Position Encoding\n\n**任务**：\n1. 从零实现Position Encoding\n2. 可视化Position Encoding\n\n---\n\n## 本章小结\n\n在本节中，我们学习了：\n1. **Transformer的整体架构**：Encoder、Decoder\n2. **Encoder的结构**：Multi-Head Attention、Feed Forward Network\n3. **Decoder的结构**：Masked Multi-Head Attention\n4. **Position Encoding**：捕捉序列的顺序信息\n\n**关键要点**：\n- Transformer完全基于注意力机制\n- Transformer可以并行计算\n- Position Encoding用于捕捉序列的顺序信息\n\n**下一节预告**：我们将学习BERT和GPT。\n\n---\n\n**恭喜你完成了第3章第1节！** 🎉\n        "}]'::jsonb,
  30,
  1
);
INSERT INTO sections(id, chapter_id, title, content_type, content, duration_minutes, sort_order) VALUES(
  '3c716ccb-05bf-0f6c-ce5b-46c5b480aee7'::uuid,
  'a70d43cc-555e-4a02-5c0b-8b9b4be9936f'::uuid,
  '3.2 BERT与GPT',
  'markdown',
  '[{"type":"markdown","content":"\n# 3.2 BERT与GPT\n\n## 学习目标\n\n通过本节学习，你将能够：\n- 理解BERT的原理\n- 理解GPT的原理\n- 掌握预训练语言模型的训练方法\n- 使用Hugging Face Transformers库\n\n---\n\n## 3.2.1 为什么需要预训练语言模型？\n\n**问题**：\n- 从零训练语言模型需要大量数据和计算资源\n- 大多数开发者没有这样的资源\n\n**解决方案**：预训练语言模型（Pre-trained Language Models）\n- 在大规模语料上预训练\n- 然后微调（Fine-tuning）到下游任务\n\n## 3.2.2 BERT（Bidirectional Encoder Representations from Transformers）\n\n**原理**：\n- 基于Transformer Encoder\n- 双向语言模型\n- 预训练任务：\n  1. **Masked Language Modeling (MLM)**：随机掩盖一些词，然后预测这些词\n  2. **Next Sentence Prediction (NSP)**：预测两个句子是否连续\n\n**使用Hugging Face Transformers**：\n\n\\`\\`\\`python\nfrom transformers import BertTokenizer, BertModel\n\n# 加载预训练的BERT模型和分词器\ntokenizer = BertTokenizer.from_pretrained(''bert-base-uncased'')\nmodel = BertModel.from_pretrained(''bert-base-uncased'')\n\n# 编码文本\ntext = \"Hello, world!\"\nencoding = tokenizer(text, return_tensors=''pt'')\n\n# 获取BERT的输出\noutput = model(**encoding)\nlast_hidden_states = output.last_hidden_state\nprint(last_hidden_states.shape)  # torch.Size([1, 4, 768])\n\\`\\`\\`\n\n## 3.2.3 GPT（Generative Pre-trained Transformer）\n\n**原理**：\n- 基于Transformer Decoder\n- 单向语言模型（从左到右）\n- 预训练任务：**Causal Language Modeling (CLM)**：预测下一个词\n\n**使用Hugging Face Transformers**：\n\n\\`\\`\\`python\nfrom transformers import GPT2Tokenizer, GPT2Model\n\n# 加载预训练的GPT-2模型和分词器\ntokenizer = GPT2Tokenizer.from_pretrained(''gpt2'')\nmodel = GPT2Model.from_pretrained(''gpt2'')\n\n# 编码文本\ntext = \"Hello, world!\"\nencoding = tokenizer(text, return_tensors=''pt'')\n\n# 获取GPT-2的输出\noutput = model(**encoding)\nlast_hidden_states = output.last_hidden_state\nprint(last_hidden_states.shape)  # torch.Size([1, 4, 768])\n\\`\\`\\`\n\n## 3.2.4 BERT vs. GPT\n\n| 特性 | BERT | GPT |\n|------|------|-----|\n| 架构 | Encoder | Decoder |\n| 方向 | 双向 | 单向（从左到右） |\n| 预训练任务 | MLM + NSP | CLM |\n| 适用任务 | 文本分类、问答、NER | 文本生成 |\n\n## 3.2.5 使用Hugging Face Transformers进行微调\n\n**文本分类示例**（使用BERT）：\n\n\\`\\`\\`python\nfrom transformers import BertTokenizer, BertForSequenceClassification\nimport torch\nfrom torch.utils.data import Dataset, DataLoader\nimport torch.optim as optim\n\n# 1. 定义数据集\nclass TextClassificationDataset(Dataset):\n    def __init__(self, texts, labels, tokenizer, max_length=512):\n        self.texts = texts\n        self.labels = labels\n        self.tokenizer = tokenizer\n        self.max_length = max_length\n    \n    def __len__(self):\n        return len(self.texts)\n    \n    def __getitem__(self, idx):\n        text = self.texts[idx]\n        label = self.labels[idx]\n        encoding = self.tokenizer(\n            text,\n            max_length=self.max_length,\n            padding=''max_length'',\n            truncation=True,\n            return_tensors=''pt''\n        )\n        return {\n            ''input_ids'': encoding[''input_ids''].flatten(),\n            ''attention_mask'': encoding[''attention_mask''].flatten(),\n            ''labels'': torch.tensor(label, dtype=torch.long)\n        }\n\n# 2. 加载预训练的BERT模型和分词器\ntokenizer = BertTokenizer.from_pretrained(''bert-base-uncased'')\nmodel = BertForSequenceClassification.from_pretrained(''bert-base-uncased'', num_labels=2)\n\n# 3. 准备数据\ntexts = [\"I love this movie!\", \"This movie is terrible.\"]\nlabels = [1, 0]  # 1: positive, 0: negative\ndataset = TextClassificationDataset(texts, labels, tokenizer)\ndataloader = DataLoader(dataset, batch_size=2, shuffle=True)\n\n# 4. 定义优化器\noptimizer = optim.Adam(model.parameters(), lr=2e-5)\n\n# 5. 训练模型\ndevice = torch.device(''cuda'' if torch.cuda.is_available() else ''cpu'')\nmodel = model.to(device)\n\nfor epoch in range(3):\n    model.train()\n    for batch in dataloader:\n        input_ids = batch[''input_ids''].to(device)\n        attention_mask = batch[''attention_mask''].to(device)\n        labels = batch[''labels''].to(device)\n        \n        optimizer.zero_grad()\n        outputs = model(input_ids=input_ids, attention_mask=attention_mask, labels=labels)\n        loss = outputs.loss\n        loss.backward()\n        optimizer.step()\n        \n        print(f''Epoch {epoch+1}, Loss: {loss.item():.4f}'')\n\n# 6. 保存模型\nmodel.save_pretrained(''./my_bert_model'')\ntokenizer.save_pretrained(''./my_bert_model'')\n\\`\\`\\`\n\n---\n\n## 实战练习\n\n### 练习1：使用BERT进行文本分类\n\n**任务**：\n1. 使用BERT在IMDB电影评论数据集上进行微调\n2. 实现文本分类\n\n### 练习2：使用GPT-2进行文本生成\n\n**任务**：\n1. 使用GPT-2生成文本\n2. 调整生成参数（如temperature、top_k、top_p）\n\n---\n\n## 本章小结\n\n在本节中，我们学习了：\n1. **BERT的原理**：基于Encoder，双向语言模型\n2. **GPT的原理**：基于Decoder，单向语言模型\n3. **Hugging Face Transformers库**：轻松使用预训练模型\n4. **微调方法**：在下游任务上微调预训练模型\n\n**关键要点**：\n- BERT适合文本分类、问答等任务\n- GPT适合文本生成任务\n- Hugging Face Transformers库提供了便捷的接口\n\n**下一章预告**：我们将学习大语言模型应用。\n\n---\n\n**恭喜你完成了第3章！** 🎉🎉🎉\n        "}]'::jsonb,
  30,
  2
);

INSERT INTO chapters(id, course_id, title, sort_order) VALUES(
  'f1de656b-3194-78d0-cb18-0fc71f8019be'::uuid,
  'b483bb8a-9710-aab2-493b-de0b2a829311'::uuid,
  '第4章：大语言模型应用',
  4
);
INSERT INTO sections(id, chapter_id, title, content_type, content, duration_minutes, sort_order) VALUES(
  '3c5fe82f-91f8-fcf6-adfe-b7a3284f214c'::uuid,
  'f1de656b-3194-78d0-cb18-0fc71f8019be'::uuid,
  '4.1 文本生成（Text Generation）',
  'markdown',
  '[{"type":"markdown","content":"\n# 4.1 文本生成（Text Generation）\n\n## 学习目标\n\n通过本节学习，你将能够：\n- 理解文本生成的原理\n- 掌握不同的生成策略（Greedy Search、Beam Search、Sampling）\n- 使用GPT-2/GPT-3进行文本生成\n- 了解文本生成的应用场景\n\n---\n\n## 4.1.1 文本生成的任务\n\n**任务**：\n- 输入：一段文本（prompt）\n- 输出：生成的文本\n\n**挑战**：\n- 如何生成连贯、有意义的文本？\n- 如何控制生成文本的长度、风格等？\n\n## 4.1.2 文本生成的策略\n\n### 1. Greedy Search\n\n**原理**：\n- 每次选择概率最高的词\n\n**问题**：\n- 可能陷入重复循环\n- 不是全局最优\n\n### 2. Beam Search\n\n**原理**：\n- 维护top-k个候选序列\n\n**代码示例**（使用Hugging Face Transformers）：\n\n\\`\\`\\`python\nfrom transformers import GPT2Tokenizer, GPT2LMHeadModel\n\n# 加载模型和分词器\ntokenizer = GPT2Tokenizer.from_pretrained(''gpt2'')\nmodel = GPT2LMHeadModel.from_pretrained(''gpt2'')\n\n# 编码输入\ninput_text = \"Once upon a time\"\ninput_ids = tokenizer.encode(input_text, return_tensors=''pt'')\n\n# 生成文本（使用Beam Search）\noutput_ids = model.generate(\n    input_ids,\n    max_length=50,\n    num_beams=5,\n    early_stopping=True\n)\n\n# 解码输出\noutput_text = tokenizer.decode(output_ids[0], skip_special_tokens=True)\nprint(output_text)\n\\`\\`\\`\n\n### 3. Sampling\n\n**原理**：\n- 根据概率分布随机采样\n\n**改进**：\n- **Top-k Sampling**：只从概率最高的k个词中采样\n- **Top-p (Nucleus) Sampling**：只从累积概率超过p的词中采样\n- **Temperature**：控制采样的随机性\n\n**代码示例**：\n\n\\`\\`\\`python\n# 生成文本（使用Top-p Sampling）\noutput_ids = model.generate(\n    input_ids,\n    max_length=50,\n    do_sample=True,\n    top_p=0.95,\n    temperature=0.7\n)\n\noutput_text = tokenizer.decode(output_ids[0], skip_special_tokens=True)\nprint(output_text)\n\\`\\`\\`\n\n## 4.1.3 使用GPT-2/GPT-3进行文本生成\n\n**Hugging Face Transformers**（GPT-2）：\n\n\\`\\`\\`python\nfrom transformers import pipeline\n\n# 使用pipeline进行文本生成\ngenerator = pipeline(''text-generation'', model=''gpt2'')\n\n# 生成文本\noutput = generator(\n    \"Once upon a time\",\n    max_length=50,\n    num_return_sequences=3,\n    do_sample=True,\n    top_p=0.95,\n    temperature=0.7\n)\n\nfor i, seq in enumerate(output):\n    print(f''{i+1}. {seq[\"generated_text\"]}'')\n\\`\\`\\`\n\n**OpenAI API**（GPT-3）：\n\n\\`\\`\\`python\nimport openai\n\nopenai.api_key = ''your-api-key''\n\nresponse = openai.Completion.create(\n    engine=''text-davinci-003'',\n    prompt=''Once upon a time'',\n    max_tokens=50,\n    temperature=0.7,\n    top_p=1.0,\n    frequency_penalty=0.0,\n    presence_penalty=0.0\n)\n\nprint(response.choices[0].text.strip())\n\\`\\`\\`\n\n## 4.1.4 文本生成的应用场景\n\n**应用**：\n1. **故事生成**：生成故事、小说\n2. **对话系统**：生成对话回复\n3. **代码生成**：生成代码（如GitHub Copilot）\n4. **诗歌生成**：生成诗歌\n\n---\n\n## 实战练习\n\n### 练习1：使用GPT-2生成故事\n\n**任务**：\n1. 使用GPT-2生成一个短篇故事\n2. 尝试不同的生成策略（Greedy Search、Beam Search、Sampling）\n\n### 练习2：使用GPT-3 API进行文本生成\n\n**任务**：\n1. 申请OpenAI API密钥\n2. 使用GPT-3 API进行文本生成\n3. 调整生成参数，观察效果\n\n---\n\n## 本章小结\n\n在本节中，我们学习了：\n1. **文本生成的任务**：根据prompt生成文本\n2. **生成策略**：Greedy Search、Beam Search、Sampling\n3. **使用GPT-2/GPT-3**：Hugging Face Transformers和OpenAI API\n4. **应用场景**：故事生成、对话系统、代码生成\n\n**关键要点**：\n- Beam Search可以生成更准确的文本\n- Sampling可以生成更多样化的文本\n- 调整生成参数可以控制生成文本的质量\n\n**下一节预告**：我们将学习问答系统。\n\n---\n\n**恭喜你完成了第4章第1节！** 🎉\n        "}]'::jsonb,
  30,
  1
);
INSERT INTO sections(id, chapter_id, title, content_type, content, duration_minutes, sort_order) VALUES(
  '04f8e14a-167b-47ff-095e-ce7d3c55f14e'::uuid,
  'f1de656b-3194-78d0-cb18-0fc71f8019be'::uuid,
  '4.2 问答系统（Question Answering）',
  'markdown',
  '[{"type":"markdown","content":"\n# 4.2 问答系统（Question Answering）\n\n## 学习目标\n\n通过本节学习，你将能够：\n- 理解问答系统的任务\n- 掌握Extractive QA和Generative QA\n- 使用BERT构建问答系统\n- 了解问答系统的应用场景\n\n---\n\n## 4.2.1 问答系统的任务\n\n**任务**：\n- 输入：问题 + 上下文（Context）\n- 输出：答案\n\n**类型**：\n1. **Extractive QA**：答案直接从上下文中提取\n2. **Generative QA**：答案由模型生成\n\n## 4.2.2 使用BERT构建问答系统\n\n**SQuAD数据集**：\n- Stanford Question Answering Dataset\n- 包含问题、上下文、答案\n\n**使用Hugging Face Transformers**：\n\n\\`\\`\\`python\nfrom transformers import BertTokenizer, BertForQuestionAnswering\nimport torch\n\n# 加载预训练的BERT问答模型和分词器\ntokenizer = BertTokenizer.from_pretrained(''bert-large-uncased-whole-word-masking-finetuned-squad'')\nmodel = BertForQuestionAnswering.from_pretrained(''bert-large-uncased-whole-word-masking-finetuned-squad'')\n\n# 准备输入\nquestion = \"What is the capital of France?\"\ncontext = \"France is a country in Europe. The capital of France is Paris.\"\n\n# 编码输入\nencoding = tokenizer.encode_plus(\n    question,\n    context,\n    max_length=512,\n    truncation=True,\n    padding=''max_length'',\n    return_tensors=''pt''\n)\n\n# 获取答案的起始和结束位置\ninput_ids = encoding[''input_ids'']\nattention_mask = encoding[''attention_mask'']\n\nwith torch.no_grad():\n    outputs = model(input_ids=input_ids, attention_mask=attention_mask)\n    start_scores = outputs.start_logits\n    end_scores = outputs.end_logits\n\n# 找到最可能的起始和结束位置\nstart_index = torch.argmax(start_scores)\nend_index = torch.argmax(end_scores)\n\n# 解码答案\nanswer = tokenizer.convert_tokens_to_string(tokenizer.convert_ids_to_tokens(input_ids[0][start_index:end_index+1]))\nprint(answer)  # Paris\n\\`\\`\\`\n\n## 4.2.3 使用GPT-3构建问答系统\n\n**OpenAI API**：\n\n\\`\\`\\`python\nimport openai\n\nopenai.api_key = ''your-api-key''\n\nresponse = openai.Completion.create(\n    engine=''text-davinci-003'',\n    prompt=''Context: France is a country in Europe. The capital of France is Paris.\\n\\nQuestion: What is the capital of France?\\n\\nAnswer:'',\n    max_tokens=50,\n    temperature=0.0\n)\n\nprint(response.choices[0].text.strip())  # Paris\n\\`\\`\\`\n\n## 4.2.4 问答系统的应用场景\n\n**应用**：\n1. **客户支持**：自动回答客户问题\n2. **智能助手**：Siri、Alexa、Google Assistant\n3. **知识库问答**：企业内部知识库\n4. **教育**：自动回答学生问题\n\n---\n\n## 实战练习\n\n### 练习1：使用BERT构建问答系统\n\n**任务**：\n1. 在SQuAD数据集上微调BERT\n2. 评估模型性能\n\n### 练习2：使用GPT-3 API构建问答系统\n\n**任务**：\n1. 使用GPT-3 API构建问答系统\n2. 对比BERT和GPT-3的性能\n\n---\n\n## 本章小结\n\n在本节中，我们学习了：\n1. **问答系统的任务**：输入问题+上下文，输出答案\n2. **Extractive QA和Generative QA**\n3. **使用BERT构建问答系统**：Hugging Face Transformers\n4. **应用场景**：客户支持、智能助手等\n\n**关键要点**：\n- BERT适合Extractive QA\n- GPT-3适合Generative QA\n- 问答系统有很多实际应用\n\n**下一节预告**：我们将学习文本摘要。\n\n---\n\n**恭喜你完成了第4章第2节！** 🎉\n        "}]'::jsonb,
  30,
  2
);
INSERT INTO sections(id, chapter_id, title, content_type, content, duration_minutes, sort_order) VALUES(
  '197208f4-ad18-2b8a-e6a6-ee698c2fce91'::uuid,
  'f1de656b-3194-78d0-cb18-0fc71f8019be'::uuid,
  '4.3 文本摘要（Text Summarization）',
  'markdown',
  '[{"type":"markdown","content":"\n# 4.3 文本摘要（Text Summarization）\n\n## 学习目标\n\n通过本节学习，你将能够：\n- 理解文本摘要的任务\n- 掌握Extractive Summarization和Abstractive Summarization\n- 使用BART/T5进行文本摘要\n- 了解文本摘要的应用场景\n\n---\n\n## 4.3.1 文本摘要的任务\n\n**任务**：\n- 输入：长文本\n- 输出：摘要\n\n**类型**：\n1. **Extractive Summarization**：从原文中提取关键句子\n2. **Abstractive Summarization**：生成新的句子（更接近人类摘要）\n\n## 4.3.2 使用BART进行文本摘要\n\n**BART**：\n- 基于Transformer的Seq2Seq模型\n- 适合Abstractive Summarization\n\n**使用Hugging Face Transformers**：\n\n\\`\\`\\`python\nfrom transformers import BartTokenizer, BartForConditionalGeneration\n\n# 加载预训练的BART模型和分词器\ntokenizer = BartTokenizer.from_pretrained(''facebook/bart-large-cnn'')\nmodel = BartForConditionalGeneration.from_pretrained(''facebook/bart-large-cnn'')\n\n# 准备输入\ntext = \"\"\"\nThe tower is 324 metres (1,063 ft) tall, about the same height as an 81-storey building, \nand the tallest structure in Paris. Its base is square, measuring 125 metres (410 ft) on each side. \nDuring its construction, the Eiffel Tower surpassed the Washington Monument to become the tallest \nman-made structure in the world, a title it held for 41 years until the Chrysler Building in \nNew York City was finished in 1930. It was the first structure to reach a height of 300 metres.\n\"\"\"\n\n# 编码输入\nencoding = tokenizer(text, return_tensors=''pt'', max_length=1024, truncation=True)\n\n# 生成摘要\noutput_ids = model.generate(\n    encoding[''input_ids''],\n    max_length=150,\n    min_length=50,\n    do_sample=False\n)\n\n# 解码输出\nsummary = tokenizer.decode(output_ids[0], skip_special_tokens=True)\nprint(summary)\n\\`\\`\\`\n\n## 4.3.3 使用T5进行文本摘要\n\n**T5**（Text-to-Text Transfer Transformer）：\n- 将所有NLP任务统一为文本到文本的格式\n- 适合多种任务，包括文本摘要\n\n**使用Hugging Face Transformers**：\n\n\\`\\`\\`python\nfrom transformers import T5Tokenizer, T5ForConditionalGeneration\n\n# 加载预训练的T5模型和分词器\ntokenizer = T5Tokenizer.from_pretrained(''t5-small'')\nmodel = T5ForConditionalGeneration.from_pretrained(''t5-small'')\n\n# 准备输入\ntext = \"summarize: \" + \"\"\"\nThe tower is 324 metres (1,063 ft) tall, about the same height as an 81-storey building, \nand the tallest structure in Paris. Its base is square, measuring 125 metres (410 ft) on each side.\n\"\"\"\n\n# 编码输入\nencoding = tokenizer(text, return_tensors=''pt'', max_length=512, truncation=True)\n\n# 生成摘要\noutput_ids = model.generate(\n    encoding[''input_ids''],\n    max_length=150,\n    min_length=50,\n    do_sample=False\n)\n\n# 解码输出\nsummary = tokenizer.decode(output_ids[0], skip_special_tokens=True)\nprint(summary)\n\\`\\`\\`\n\n## 4.3.4 文本摘要的应用场景\n\n**应用**：\n1. **新闻摘要**：自动生成新闻摘要\n2. **论文摘要**：自动生成论文摘要\n3. **会议记录摘要**：自动生成会议纪要\n4. **邮件摘要**：自动生成邮件摘要\n\n---\n\n## 实战练习\n\n### 练习1：使用BART进行文本摘要\n\n**任务**：\n1. 使用BART对长文本进行摘要\n2. 调整生成参数，观察效果\n\n### 练习2：使用T5进行文本摘要\n\n**任务**：\n1. 使用T5对长文本进行摘要\n2. 对比BART和T5的性能\n\n---\n\n## 本章小结\n\n在本节中，我们学习了：\n1. **文本摘要的任务**：输入长文本，输出摘要\n2. **Extractive和Abstractive Summarization**\n3. **使用BART/T5进行文本摘要**：Hugging Face Transformers\n4. **应用场景**：新闻摘要、论文摘要等\n\n**关键要点**：\n- BART适合Abstractive Summarization\n- T5适合多种NLP任务\n- 文本摘要有很多实际应用\n\n**课程总结预告**：我们将进行课程总结和大作业。\n\n---\n\n**恭喜你完成了第4章！** 🎉🎉🎉\n        "}]'::jsonb,
  30,
  3
);

-- ====== L5: 大模型与AI系统 ======
INSERT INTO courses(id, code, title, level, description, cover_url, sort_order, xp_reward, is_required, estimated_hours) VALUES(
  '27e31340-8880-b0df-de43-f6de479e188c'::uuid,
  'L5_LLM_AI_SYSTEMS',
  '大模型与AI系统',
  5,
  '深入学习大语言模型原理、训练技术、部署优化，以及AI系统设计。适合有NLP和深度学习基础、想从事AI系统研发的开发者。',
  'https://example.com/thumbnails/l5-llm-ai-systems.jpg',
  5,
  200,
  true,
  6
);

INSERT INTO chapters(id, course_id, title, sort_order) VALUES(
  '8e7ea5fe-4e5f-dd51-f514-6f163ae57402'::uuid,
  '27e31340-8880-b0df-de43-f6de479e188c'::uuid,
  '第1章：大模型原理',
  1
);
INSERT INTO sections(id, chapter_id, title, content_type, content, duration_minutes, sort_order) VALUES(
  '1c15e2d7-bace-4c9f-de72-9e93e910b8e2'::uuid,
  '8e7ea5fe-4e5f-dd51-f514-6f163ae57402'::uuid,
  '1.1 大语言模型架构',
  'markdown',
  '[{"type":"markdown","content":"\n# 1.1 大语言模型架构\n\n## 学习目标\n\n通过本节学习，你将能够：\n- 理解大语言模型的基本原理\n- 掌握GPT、LLaMA等模型的架构\n- 了解大模型的技术特点\n- 理解缩放定律（Scaling Laws）\n\n---\n\n## 1.1.1 什么是大语言模型？\n\n**定义**：\n- 参数规模达到亿级、十亿级甚至千亿级的语言模型\n- 在大规模语料上训练\n- 具有涌现能力（Emergent Abilities）\n\n**代表性模型**：\n- **GPT系列**（OpenAI）：GPT-3、GPT-3.5、GPT-4\n- **LLaMA系列**（Meta）：LLaMA、LLaMA 2、LLaMA 3\n- **PaLM系列**（Google）：PaLM、PaLM 2\n- **国内模型**：百川、智谱、文心一言、通义千问\n\n## 1.1.2 GPT架构详解\n\n**架构**：\n- 基于Transformer Decoder\n- 单向语言模型（从左到右）\n- 预训练任务：Causal Language Modeling (CLM)\n\n**结构**：\n1. **输入嵌入层**（Input Embedding）\n2. **位置编码**（Position Encoding）\n3. **多层Transformer Decoder层**：\n   - Masked Multi-Head Attention\n   - Feed Forward Network\n   - Residual Connection + Layer Normalization\n4. **输出层**（Output Linear + Softmax）\n\n**缩放定律（Scaling Laws）**：\n- 模型性能随参数规模、数据规模、计算量的增加而提升\n- 遵循幂律关系\n\n## 1.1.3 LLaMA架构详解\n\n**架构**：\n- 基于Transformer Decoder\n- 类似GPT，但有一些改进\n\n**改进点**：\n1. **使用RMSNorm**：代替LayerNorm\n2. **使用SwiGLU激活函数**：代替ReLU\n3. **使用Rotary Position Embedding (RoPE)**：代替绝对位置编码\n4. **使用Grouped-Query Attention (GQA)**：提升推理效率（LLaMA 3）\n\n**PyTorch实现**（简化版）：\n\n\\`\\`\\`python\nimport torch\nimport torch.nn as nn\nimport torch.nn.functional as F\n\nclass LLaMABlock(nn.Module):\n    def __init__(self, d_model, num_heads, d_ff):\n        super(LLaMABlock, self).__init__()\n        self.norm1 = nn.RMSNorm(d_model)\n        self.attn = nn.MultiheadAttention(d_model, num_heads)\n        self.norm2 = nn.RMSNorm(d_model)\n        self.ffn = nn.Sequential(\n            nn.Linear(d_model, d_ff),\n            nn.SwiGLU(),  # SwiGLU激活函数\n            nn.Linear(d_ff, d_model)\n        )\n    \n    def forward(self, x):\n        # Multi-Head Attention\n        x = x + self.attn(self.norm1(x))\n        # Feed Forward Network\n        x = x + self.ffn(self.norm2(x))\n        return x\n\nclass LLaMA(nn.Module):\n    def __init__(self, vocab_size, d_model, num_layers, num_heads, d_ff):\n        super(LLaMA, self).__init__()\n        self.embedding = nn.Embedding(vocab_size, d_model)\n        self.layers = nn.ModuleList([\n            LLaMABlock(d_model, num_heads, d_ff)\n            for _ in range(num_layers)\n        ])\n        self.norm = nn.RMSNorm(d_model)\n        self.lm_head = nn.Linear(d_model, vocab_size)\n    \n    def forward(self, x):\n        x = self.embedding(x)\n        for layer in self.layers:\n            x = layer(x)\n        x = self.norm(x)\n        x = self.lm_head(x)\n        return x\n\n# 使用示例\nmodel = LLaMA(vocab_size=32000, d_model=4096, num_layers=32, num_heads=32, d_ff=11008)\nx = torch.randint(0, 32000, (1, 100))  # (batch_size, sequence_length)\noutput = model(x)\nprint(output.shape)  # torch.Size([1, 100, 32000])\n\\`\\`\\`\n\n## 1.1.4 大语言模型的技术特点\n\n**特点**：\n1. **大规模预训练**：在TB级文本数据上训练\n2. **Few-shot Learning**：通过提示（Prompt）完成新任务\n3. **涌现能力**：模型规模达到一定程度后出现新能力\n4. **指令跟随**：通过指令微调（Instruction Tuning）提升模型跟随指令的能力\n5. **人类对齐**：通过RLHF（Reinforcement Learning from Human Feedback）使模型输出更符合人类偏好\n\n---\n\n## 实战练习\n\n### 练习1：分析GPT和LLaMA的架构差异\n\n**任务**：\n1. 对比GPT和LLaMA的架构\n2. 分析LLaMA的改进点\n\n### 练习2：实现简化的LLaMA Block\n\n**任务**：\n1. 从零实现LLaMA Block\n2. 测试其效果\n\n---\n\n## 本章小结\n\n在本节中，我们学习了：\n1. **大语言模型的定义**：参数规模大、训练数据多\n2. **GPT架构**：基于Transformer Decoder\n3. **LLaMA架构**：GPT的改进版\n4. **技术特点**：大规模预训练、Few-shot Learning、涌现能力\n\n**关键要点**：\n- 大语言模型具有强大的生成能力\n- LLaMA通过多项改进提升了性能\n- 缩放定律指导大模型的训练\n\n**下一节预告**：我们将学习大模型的训练技术。\n\n---\n\n**恭喜你完成了第1章第1节！** 🎉\n        "}]'::jsonb,
  30,
  1
);
INSERT INTO sections(id, chapter_id, title, content_type, content, duration_minutes, sort_order) VALUES(
  '061d6bbf-3476-5b6e-2a7c-bfe9e090e193'::uuid,
  '8e7ea5fe-4e5f-dd51-f514-6f163ae57402'::uuid,
  '1.2 大模型的训练技术',
  'markdown',
  '[{"type":"markdown","content":"\n# 1.2 大模型的训练技术\n\n## 学习目标\n\n通过本节学习，你将能够：\n- 理解分布式训练的必要性\n- 掌握数据并行、模型并行、流水线并行\n- 了解混合精度训练\n- 了解ZeRO优化器\n\n---\n\n## 1.2.1 为什么需要分布式训练？\n\n**问题**：\n- 大模型参数规模大（数十亿甚至数千亿）\n- 单张GPU显存无法容纳\n- 单张GPU计算速度慢\n\n**解决方案**：分布式训练\n- 将模型或数据分布到多张GPU上\n- 并行训练\n\n## 1.2.2 分布式训练的策略\n\n### 1. 数据并行（Data Parallelism）\n\n**原理**：\n- 每个GPU有完整的模型副本\n- 将数据分批发送到不同GPU\n- 每个GPU独立计算梯度\n- 梯度聚合后更新模型\n\n**优势**：\n- 实现简单\n- 适合模型不大、数据多的情况\n\n**劣势**：\n- 每个GPU需要存储完整模型\n- 显存受限\n\n**PyTorch实现**：\n\n\\`\\`\\`python\nimport torch\nimport torch.nn as nn\nimport torch.optim as optim\nimport torch.distributed as dist\nfrom torch.nn.parallel import DistributedDataParallel as DDP\n\n# 初始化进程组\ndist.init_process_group(backend=''nccl'')\n\n# 定义模型\nmodel = nn.TransformerDecoder(...)\nmodel = model.to(local_rank)\nmodel = DDP(model, device_ids=[local_rank])\n\n# 定义优化器\noptimizer = optim.Adam(model.parameters(), lr=0.001)\n\n# 训练循环\nfor epoch in range(100):\n    for batch in dataloader:\n        inputs, labels = batch\n        inputs, labels = inputs.to(local_rank), labels.to(local_rank)\n        \n        optimizer.zero_grad()\n        outputs = model(inputs)\n        loss = criterion(outputs, labels)\n        loss.backward()\n        optimizer.step()\n\\`\\`\\`\n\n### 2. 模型并行（Model Parallelism）\n\n**原理**：\n- 将模型的不同层放到不同GPU上\n- 数据在不同GPU之间流动\n\n**优势**：\n- 适合模型大、单张GPU显存无法容纳的情况\n\n**劣势**：\n- 实现复杂\n- GPU利用率可能不高\n\n**PyTorch实现**：\n\n\\`\\`\\`python\nimport torch\nimport torch.nn as nn\n\nclass ModelParallelTransformer(nn.Module):\n    def __init__(self):\n        super(ModelParallelTransformer, self).__init__()\n        # 前几层放在GPU 0\n        self.layer1 = nn.TransformerDecoderLayer(...).to(''cuda:0'')\n        self.layer2 = nn.TransformerDecoderLayer(...).to(''cuda:0'')\n        \n        # 后几层放在GPU 1\n        self.layer3 = nn.TransformerDecoderLayer(...).to(''cuda:1'')\n        self.layer4 = nn.TransformerDecoderLayer(...).to(''cuda:1'')\n    \n    def forward(self, x):\n        # x在GPU 0\n        x = self.layer1(x)\n        x = self.layer2(x)\n        \n        # 将x移到GPU 1\n        x = x.to(''cuda:1'')\n        \n        x = self.layer3(x)\n        x = self.layer4(x)\n        return x\n\\`\\`\\`\n\n### 3. 流水线并行（Pipeline Parallelism）\n\n**原理**：\n- 将模型分成多个阶段\n- 不同批次的数据在不同阶段上并行处理\n\n**优势**：\n- 提升GPU利用率\n- 减少空闲时间\n\n**PyTorch实现**（使用torchgpipe）：\n\n\\`\\`\\`python\nfrom torchgpipe import GPipe\n\n# 定义模型\nmodel = nn.Sequential(\n    nn.TransformerDecoderLayer(...),\n    nn.TransformerDecoderLayer(...),\n    nn.TransformerDecoderLayer(...),\n    nn.TransformerDecoderLayer(...),\n)\n\n# 使用GPipe进行流水线并行\nmodel = GPipe(model, balance=[2, 2], devices=[0, 1], chunks=8)\n\\`\\`\\`\n\n## 1.2.3 混合精度训练（Mixed Precision Training）\n\n**原理**：\n- 使用FP16（半精度）进行计算\n- 使用FP32（单精度）存储权重和梯度\n\n**优势**：\n- 减少显存占用\n- 提升训练速度\n\n**PyTorch实现**（使用torch.cuda.amp）：\n\n\\`\\`\\`python\nimport torch\nfrom torch.cuda.amp import autocast, GradScaler\n\n# 定义模型、优化器\nmodel = ...\noptimizer = torch.optim.Adam(model.parameters(), lr=0.001)\n\n# 创建GradScaler\nscaler = GradScaler()\n\n# 训练循环\nfor epoch in range(100):\n    for batch in dataloader:\n        inputs, labels = batch\n        inputs, labels = inputs.to(''cuda''), labels.to(''cuda'')\n        \n        optimizer.zero_grad()\n        \n        # 使用autocast进行混合精度训练\n        with autocast():\n            outputs = model(inputs)\n            loss = criterion(outputs, labels)\n        \n        # 使用GradScaler进行梯度缩放\n        scaler.scale(loss).backward()\n        scaler.step(optimizer)\n        scaler.update()\n\\`\\`\\`\n\n## 1.2.4 ZeRO优化器（Zero Redundancy Optimizer）\n\n**原理**：\n- 将优化器状态、梯度、参数分片存储在不同GPU上\n- 减少显存占用\n\n**ZeRO的三个阶段**：\n1. **ZeRO-1**：分片优化器状态\n2. **ZeRO-2**：分片优化器状态 + 梯度\n3. **ZeRO-3**：分片优化器状态 + 梯度 + 参数\n\n**使用DeepSpeed**：\n\n\\`\\`\\`python\nimport deepspeed\n\n# 定义模型、优化器\nmodel = ...\noptimizer = torch.optim.Adam(model.parameters(), lr=0.001)\n\n# 初始化DeepSpeed\nmodel_engine, optimizer, _, _ = deepspeed.initialize(\n    model=model,\n    optimizer=optimizer,\n    config=''ds_config.json''\n)\n\n# 训练循环\nfor epoch in range(100):\n    for batch in dataloader:\n        inputs, labels = batch\n        inputs, labels = inputs.to(''cuda''), labels.to(''cuda'')\n        \n        outputs = model_engine(inputs)\n        loss = criterion(outputs, labels)\n        model_engine.backward(loss)\n        model_engine.step()\n\\`\\`\\`\n\n**ds_config.json**：\n\n\\`\\`\\`json\n{\n  \"train_batch_size\": 32,\n  \"gradient_accumulation_steps\": 1,\n  \"optimizer\": {\n    \"type\": \"Adam\",\n    \"params\": {\n      \"lr\": 0.001\n    }\n  },\n  \"fp16\": {\n    \"enabled\": true\n  },\n  \"zero_optimization\": {\n    \"stage\": 3\n  }\n}\n\\`\\`\\`\n\n---\n\n## 实战练习\n\n### 练习1：实现数据并行\n\n**任务**：\n1. 使用PyTorch的DDP实现数据并行\n2. 在多张GPU上训练模型\n\n### 练习2：使用DeepSpeed进行ZeRO训练\n\n**任务**：\n1. 安装DeepSpeed\n2. 使用DeepSpeed进行ZeRO训练\n3. 对比不同ZeRO阶段的显存占用和训练速度\n\n---\n\n## 本章小结\n\n在本节中，我们学习了：\n1. **分布式训练的必要性**：大模型需要分布式训练\n2. **分布式训练的策略**：数据并行、模型并行、流水线并行\n3. **混合精度训练**：使用FP16进行计算\n4. **ZeRO优化器**：减少显存占用\n\n**关键要点**：\n- 数据并行适合模型不大、数据多的情况\n- 模型并行适合模型大、单张GPU显存无法容纳的情况\n- 混合精度训练可以减少显存占用、提升训练速度\n- ZeRO可以进一步减少显存占用\n\n**下一章预告**：我们将学习大模型部署与优化。\n\n---\n\n**恭喜你完成了第1章第2节！** 🎉\n        "}]'::jsonb,
  30,
  2
);

INSERT INTO chapters(id, course_id, title, sort_order) VALUES(
  '17b02862-c01b-ce60-6cb4-941b2fcc0c77'::uuid,
  '27e31340-8880-b0df-de43-f6de479e188c'::uuid,
  '第2章：大模型部署与优化',
  2
);
INSERT INTO sections(id, chapter_id, title, content_type, content, duration_minutes, sort_order) VALUES(
  '3d9e5814-8a50-e37d-57c9-36849ad3669d'::uuid,
  '17b02862-c01b-ce60-6cb4-941b2fcc0c77'::uuid,
  '2.1 推理优化（Inference Optimization）',
  'markdown',
  '[{"type":"markdown","content":"\n# 2.1 推理优化（Inference Optimization）\n\n## 学习目标\n\n通过本节学习，你将能够：\n- 理解大模型推理的挑战\n- 掌握KV Cache、Flash Attention等优化技术\n- 使用vLLM、TensorRT-LLM等推理框架\n- 了解推理优化的应用场景\n\n---\n\n## 2.1.1 大模型推理的挑战\n\n**挑战**：\n1. **显存占用大**：模型参数多，KV Cache占用大\n2. **计算量大**：每次生成需要计算所有参数\n3. **延迟高**：自回归生成导致延迟累积\n\n## 2.1.2 KV Cache\n\n**原理**：\n- 缓存Attention中的Key和Value\n- 避免重复计算\n\n**优势**：\n- 减少计算量\n- 降低延迟\n\n**问题**：\n- 显存占用大（长序列、大batch size）\n\n**优化**：\n- **PagedAttention**（vLLM）：将KV Cache分页存储\n- **Grouped-Query Attention (GQA)**：多个Query头共享一组Key/Value头\n\n## 2.1.3 Flash Attention\n\n**原理**：\n- 重新组织Attention计算\n- 减少HBM（High Bandwidth Memory）访问次数\n- 提升计算效率\n\n**优势**：\n- 更快的推理速度\n- 更低的显存占用\n\n**使用Flash Attention**：\n\n\\`\\`\\`python\nimport torch\nfrom flash_attn import flash_attn_func\n\n# 准备输入\nQ = torch.randn(1, 128, 32, 64).cuda()  # (batch, seqlen, num_heads, head_dim)\nK = torch.randn(1, 128, 32, 64).cuda()\nV = torch.randn(1, 128, 32, 64).cuda()\n\n# 使用Flash Attention\noutput = flash_attn_func(Q, K, V)\nprint(output.shape)  # torch.Size([1, 128, 32, 64])\n\\`\\`\\`\n\n## 2.1.4 推理框架\n\n### 1. vLLM\n\n**特点**：\n- 使用PagedAttention\n- 高吞吐量\n- 适合在线服务\n\n**使用示例**：\n\n\\`\\`\\`python\nfrom vllm import LLM, SamplingParams\n\n# 加载模型\nllm = LLM(model=\"meta-llama/Llama-2-7b-hf\")\n\n# 设置生成参数\nsampling_params = SamplingParams(temperature=0.7, top_p=0.95, max_tokens=100)\n\n# 生成文本\nprompts = [\"Hello, my name is\", \"The capital of France is\"]\noutputs = llm.generate(prompts, sampling_params)\n\n# 输出结果\nfor output in outputs:\n    generated_text = output.outputs[0].text\n    print(generated_text)\n\\`\\`\\`\n\n### 2. TensorRT-LLM\n\n**特点**：\n- NVIDIA推出的LLM推理加速库\n- 支持量化、Kernel融合等优化\n- 适合NVIDIA GPU\n\n**使用示例**：\n\n\\`\\`\\`bash\n# 转换模型为TensorRT格式\npython convert_checkpoint.py --model_dir meta-llama/Llama-2-7b-hf --output_dir llama-2-7b-trt\n\n# 运行推理\npython run.py --engine_dir llama-2-7b-trt --prompt \"Hello, my name is\" --max_output_len 100\n\\`\\`\\`\n\n## 2.1.5 推理优化的应用场景\n\n**应用**：\n1. **在线服务**：高并发、低延迟\n2. **边缘设备**：模型压缩、量化\n3. **批量处理**：离线任务、高吞吐量\n\n---\n\n## 实战练习\n\n### 练习1：使用vLLM进行推理\n\n**任务**：\n1. 安装vLLM\n2. 使用vLLM加载LLaMA-2-7B\n3. 对比使用KV Cache和不使用KV Cache的推理速度\n\n### 练习2：使用Flash Attention\n\n**任务**：\n1. 安装Flash Attention\n2. 使用Flash Attention进行推理\n3. 对比使用Flash Attention和不使用的推理速度\n\n---\n\n## 本章小结\n\n在本节中，我们学习了：\n1. **大模型推理的挑战**：显存占用大、计算量大、延迟高\n2. **KV Cache**：缓存Key和Value，减少计算量\n3. **Flash Attention**：重新组织Attention计算，提升效率\n4. **推理框架**：vLLM、TensorRT-LLM\n\n**关键要点**：\n- KV Cache可以减少计算量，但显存占用大\n- Flash Attention可以提升推理速度\n- 使用推理框架可以简化部署\n\n**下一节预告**：我们将学习模型量化。\n\n---\n\n**恭喜你完成了第2章第1节！** 🎉\n        "}]'::jsonb,
  30,
  1
);
INSERT INTO sections(id, chapter_id, title, content_type, content, duration_minutes, sort_order) VALUES(
  '211d271a-5722-9dd5-f5a4-d2aa140a48b0'::uuid,
  '17b02862-c01b-ce60-6cb4-941b2fcc0c77'::uuid,
  '2.2 模型量化（Model Quantization）',
  'markdown',
  '[{"type":"markdown","content":"\n# 2.2 模型量化（Model Quantization）\n\n## 学习目标\n\n通过本节学习，你将能够：\n- 理解模型量化的原理\n- 掌握INT8、INT4、GPTQ、AWQ等量化方法\n- 使用bitsandbytes、GPTQ、AWQ等工具\n- 了解模型量化的应用场景\n\n---\n\n## 2.2.1 为什么需要模型量化？\n\n**问题**：\n- 大模型参数规模大（FP16/BF16）\n- 显存占用大\n- 推理速度慢\n\n**解决方案**：模型量化（Quantization）\n- 将模型参数从高精度（FP16）转换为低精度（INT8/INT4）\n- 减少显存占用\n- 提升推理速度\n\n## 2.2.2 常用的量化方法\n\n### 1. INT8量化\n\n**原理**：\n- 将FP16参数转换为INT8\n- 使用对称量化或非对称量化\n\n**优势**：\n- 减少显存占用（2倍）\n- 提升推理速度\n\n**使用bitsandbytes**：\n\n\\`\\`\\`python\nimport torch\nfrom transformers import AutoModelForCausalLM, AutoTokenizer\n\n# 加载INT8量化的模型\nmodel = AutoModelForCausalLM.from_pretrained(\n    \"meta-llama/Llama-2-7b-hf\",\n    load_in_8bit=True,\n    device_map=\"auto\"\n)\n\ntokenizer = AutoTokenizer.from_pretrained(\"meta-llama/Llama-2-7b-hf\")\n\n# 生成文本\nprompt = \"Hello, my name is\"\ninputs = tokenizer(prompt, return_tensors=\"pt\").to(\"cuda\")\noutputs = model.generate(**inputs, max_new_tokens=100)\nprint(tokenizer.decode(outputs[0], skip_special_tokens=True))\n\\`\\`\\`\n\n### 2. INT4量化（GPTQ）\n\n**原理**：\n- 使用最优脑量化（Optimal Brain Quantization）\n- 最小化量化误差\n\n**优势**：\n- 减少显存占用（4倍）\n- 保持较高的精度\n\n**使用GPTQ**：\n\n\\`\\`\\`python\nfrom transformers import AutoModelForCausalLM, AutoTokenizer\n\n# 加载INT4量化的模型（使用GPTQ）\nmodel = AutoModelForCausalLM.from_pretrained(\n    \"meta-llama/Llama-2-7b-hf\",\n    load_in_4bit=True,\n    bnb_4bit_use_double_quant=True,\n    bnb_4bit_quant_type=\"nf4\",\n    bnb_4bit_compute_dtype=torch.bfloat16\n)\n\ntokenizer = AutoTokenizer.from_pretrained(\"meta-llama/Llama-2-7b-hf\")\n\n# 生成文本\nprompt = \"Hello, my name is\"\ninputs = tokenizer(prompt, return_tensors=\"pt\").to(\"cuda\")\noutputs = model.generate(**inputs, max_new_tokens=100)\nprint(tokenizer.decode(outputs[0], skip_special_tokens=True))\n\\`\\`\\`\n\n### 3. AWQ（Activation-aware Weight Quantization）\n\n**原理**：\n- 保护显著的权重（Salient Weights）\n- 提升量化精度\n\n**优势**：\n- 比GPTQ更快\n- 精度接近FP16\n\n**使用AWQ**：\n\n\\`\\`\\`python\nfrom awq import AutoAWQForCausalLM\nfrom transformers import AutoTokenizer\n\n# 加载模型\nmodel = AutoAWQForCausalLM.from_pretrained(\"meta-llama/Llama-2-7b-hf\")\ntokenizer = AutoTokenizer.from_pretrained(\"meta-llama/Llama-2-7b-hf\")\n\n# 量化模型\nmodel.quantize(tokenizer, quant_config={\"zero_point\": True, \"q_group_size\": 128, \"w_bit\": 4, \"version\": \"GEMM\"})\n\n# 保存量化后的模型\nmodel.save_quantized(\"llama-2-7b-awq\")\n\n# 加载量化后的模型\nmodel = AutoAWQForCausalLM.from_quantized(\"llama-2-7b-awq\")\n\\`\\`\\`\n\n## 2.2.3 量化方法的对比\n\n| 方法 | 精度 | 显存占用 | 推理速度 | 实现难度 |\n|------|------|----------|----------|----------|\n| FP16 | 高 | 高 | 慢 | 低 |\n| INT8 | 中 | 中 | 中 | 中 |\n| GPTQ (INT4) | 中高 | 低 | 快 | 高 |\n| AWQ (INT4) | 中高 | 低 | 快 | 中 |\n\n## 2.2.4 模型量化的应用场景\n\n**应用**：\n1. **边缘设备**：显存受限\n2. **在线服务**：需要高吞吐量\n3. **批量处理**：需要快速处理大量数据\n\n---\n\n## 实战练习\n\n### 练习1：使用INT8量化\n\n**任务**：\n1. 使用bitsandbytes加载INT8量化的模型\n2. 对比量化前后的显存占用和推理速度\n\n### 练习2：使用GPTQ进行INT4量化\n\n**任务**：\n1. 使用GPTQ对模型进行INT4量化\n2. 对比GPTQ和INT8量化的性能\n\n---\n\n## 本章小结\n\n在本节中，我们学习了：\n1. **模型量化的原理**：将高精度参数转换为低精度\n2. **常用方法**：INT8、GPTQ、AWQ\n3. **工具**：bitsandbytes、GPTQ、AWQ\n4. **应用场景**：边缘设备、在线服务、批量处理\n\n**关键要点**：\n- 模型量化可以减少显存占用、提升推理速度\n- INT8量化实现简单，但精度损失较大\n- GPTQ和AWQ可以保持较高的精度\n\n**下一节预告**：我们将学习模型压缩与蒸馏。\n\n---\n\n**恭喜你完成了第2章第2节！** 🎉\n        "}]'::jsonb,
  30,
  2
);
INSERT INTO sections(id, chapter_id, title, content_type, content, duration_minutes, sort_order) VALUES(
  '520d9f54-fa01-a186-3ac0-a0a6bf1fabe6'::uuid,
  '17b02862-c01b-ce60-6cb4-941b2fcc0c77'::uuid,
  '2.3 模型压缩与蒸馏',
  'markdown',
  '[{"type":"markdown","content":"\n# 2.3 模型压缩与蒸馏\n\n## 学习目标\n\n通过本节学习，你将能够：\n- 理解模型压缩与蒸馏的原理\n- 掌握知识蒸馏、剪枝、低秩分解等技术\n- 使用Hugging Face Transformers进行模型蒸馏\n- 了解模型压缩的应用场景\n\n---\n\n## 2.3.1 为什么需要模型压缩？\n\n**问题**：\n- 大模型参数规模大\n- 推理速度慢\n- 难以部署到边缘设备\n\n**解决方案**：模型压缩（Model Compression）\n- 减少模型参数\n- 提升推理速度\n- 保持较高精度\n\n## 2.3.2 常用的模型压缩技术\n\n### 1. 知识蒸馏（Knowledge Distillation）\n\n**原理**：\n- 使用大模型（教师模型）指导小模型（学生模型）训练\n- 学生模型学习教师模型的输出分布\n\n**损失函数**：\n- **Hard Label Loss**：学生模型的输出与真实标签的交叉熵\n- **Soft Label Loss**：学生模型的输出与教师模型的输出的KL散度\n\n**PyTorch实现**：\n\n\\`\\`\\`python\nimport torch\nimport torch.nn as nn\nimport torch.nn.functional as F\n\n# 定义蒸馏损失\ndef distillation_loss(student_logits, teacher_logits, labels, temperature=3.0, alpha=0.5):\n    # Hard Label Loss\n    hard_loss = F.cross_entropy(student_logits, labels)\n    \n    # Soft Label Loss\n    soft_loss = F.kl_div(\n        F.log_softmax(student_logits / temperature, dim=1),\n        F.softmax(teacher_logits / temperature, dim=1),\n        reduction=''batchmean''\n    ) * (temperature ** 2)\n    \n    return alpha * hard_loss + (1 - alpha) * soft_loss\n\n# 训练循环\nteacher_model = ...  # 加载教师模型\nstudent_model = ...  # 定义学生模型\n\noptimizer = torch.optim.Adam(student_model.parameters(), lr=0.001)\n\nfor epoch in range(100):\n    for batch in dataloader:\n        inputs, labels = batch\n        inputs, labels = inputs.to(''cuda''), labels.to(''cuda'')\n        \n        # 教师模型推理（不计算梯度）\n        with torch.no_grad():\n            teacher_logits = teacher_model(inputs)\n        \n        # 学生模型推理\n        student_logits = student_model(inputs)\n        \n        # 计算蒸馏损失\n        loss = distillation_loss(student_logits, teacher_logits, labels)\n        \n        optimizer.zero_grad()\n        loss.backward()\n        optimizer.step()\n\\`\\`\\`\n\n### 2. 剪枝（Pruning）\n\n**原理**：\n- 移除不重要的参数（权重）\n- 减少模型参数\n\n**类型**：\n- **非结构化剪枝**：移除个别权重\n- **结构化剪枝**：移除整个神经元、通道或层\n\n**使用PyTorch**：\n\n\\`\\`\\`python\nimport torch\nimport torch.nn as nn\nimport torch.nn.utils.prune as prune\n\n# 定义模型\nmodel = nn.Sequential(\n    nn.Linear(784, 256),\n    nn.ReLU(),\n    nn.Linear(256, 10)\n)\n\n# 非结构化剪枝（移除20%的权重）\nprune.l1_unstructured(model[0], name=''weight'', amount=0.2)\n\n# 结构化剪枝（移除20%的输出通道）\nprune.ln_structured(model[0], name=''weight'', amount=0.2, n=2, dim=0)\n\n# 永久移除剪枝的权重\nprune.remove(model[0], ''weight'')\n\\`\\`\\`\n\n### 3. 低秩分解（Low-Rank Factorization）\n\n**原理**：\n- 将大矩阵分解为多个小矩阵\n- 减少参数数量\n\n**示例**：\n- 将一个 $m \\times n$ 的矩阵分解为 $m \\times r$ 和 $r \\times n$ 两个矩阵（$r \\ll m, n$）\n\n**PyTorch实现**：\n\n\\`\\`\\`python\nimport torch\nimport torch.nn as nn\n\n# 原始全连接层\noriginal_layer = nn.Linear(1024, 512)\n\n# 低秩分解\nr = 64  # 秩\nlow_rank_layer = nn.Sequential(\n    nn.Linear(1024, r),\n    nn.Linear(r, 512)\n)\n\n# 初始化低秩层的权重（使用SVD）\nU, S, V = torch.svd(original_layer.weight)\nlow_rank_layer[0].weight.data = U[:, :r] @ torch.diag(S[:r])\nlow_rank_layer[1].weight.data = V[:, :r].T\n\\`\\`\\`\n\n## 2.3.3 使用Hugging Face Transformers进行模型蒸馏\n\n**DistilBERT**：\n- BERT的蒸馏版本\n- 参数减少40%，速度提升60%，精度损失很小\n\n**使用示例**：\n\n\\`\\`\\`python\nfrom transformers import DistilBertTokenizer, DistilBertModel\n\n# 加载DistilBERT\ntokenizer = DistilBertTokenizer.from_pretrained(''distilbert-base-uncased'')\nmodel = DistilBertModel.from_pretrained(''distilbert-base-uncased'')\n\n# 编码文本\ntext = \"Hello, world!\"\nencoding = tokenizer(text, return_tensors=''pt'')\n\n# 获取输出\noutput = model(**encoding)\nlast_hidden_states = output.last_hidden_state\nprint(last_hidden_states.shape)  # torch.Size([1, 4, 768])\n\\`\\`\\`\n\n## 2.3.4 模型压缩的应用场景\n\n**应用**：\n1. **边缘设备**：手机、IoT设备\n2. **实时应用**：自动驾驶、语音助手\n3. **批量处理**：离线任务、高吞吐量\n\n---\n\n## 实战练习\n\n### 练习1：实现知识蒸馏\n\n**任务**：\n1. 使用教师模型（如BERT）指导学生模型（如DistilBERT）训练\n2. 对比蒸馏前后的模型性能\n\n### 练习2：实现模型剪枝\n\n**任务**：\n1. 对训练好的模型进行剪枝\n2. 对比剪枝前后的模型大小和精度\n\n---\n\n## 本章小结\n\n在本节中，我们学习了：\n1. **模型压缩的原理**：减少参数、提升速度\n2. **常用技术**：知识蒸馏、剪枝、低秩分解\n3. **Hugging Face Transformers**：使用DistilBERT\n4. **应用场景**：边缘设备、实时应用\n\n**关键要点**：\n- 知识蒸馏可以保持较高精度\n- 剪枝可以减少参数\n- 低秩分解可以降低计算量\n\n**下一章预告**：我们将学习AI系统设计与实践。\n\n---\n\n**恭喜你完成了第2章！** 🎉🎉🎉\n        "}]'::jsonb,
  30,
  3
);

INSERT INTO chapters(id, course_id, title, sort_order) VALUES(
  '5fcea28c-cd59-34f5-d942-9cbcf0c606e0'::uuid,
  '27e31340-8880-b0df-de43-f6de479e188c'::uuid,
  '第3章：AI系统设计与实践',
  3
);
INSERT INTO sections(id, chapter_id, title, content_type, content, duration_minutes, sort_order) VALUES(
  '84b2e683-a99e-297f-a755-85572c1ff7f9'::uuid,
  '5fcea28c-cd59-34f5-d942-9cbcf0c606e0'::uuid,
  '3.1 检索增强生成（RAG）',
  'markdown',
  '[{"type":"markdown","content":"\n# 3.1 检索增强生成（RAG）\n\n## 学习目标\n\n通过本节学习，你将能够：\n- 理解RAG的原理\n- 掌握RAG系统的设计\n- 使用LangChain、LlamaIndex实现RAG\n- 了解RAG的应用场景\n\n---\n\n## 3.1.1 为什么需要RAG？\n\n**问题**：\n- 大语言模型的知识有限（训练数据截止日期）\n- 无法访问私有数据\n- 容易产生幻觉（Hallucination）\n\n**解决方案**：检索增强生成（Retrieval-Augmented Generation, RAG）\n- 从外部知识库检索相关信息\n- 将检索到的信息提供给LLM\n- 生成更准确、更及时的回答\n\n## 3.1.2 RAG系统的架构\n\n**流程**：\n1. **索引（Indexing）**：\n   - 加载文档\n   - 分割文档（Chunking）\n   - 将文档转换为向量（Embedding）\n   - 存储到向量数据库\n\n2. **检索（Retrieval）**：\n   - 将用户查询转换为向量\n   - 在向量数据库中检索相似文档\n\n3. **生成（Generation）**：\n   - 将检索到的文档与用户查询组合成Prompt\n   - 输入LLM生成回答\n\n## 3.1.3 使用LangChain实现RAG\n\n**安装LangChain**：\n\n\\`\\`\\`bash\npip install langchain langchain-community langchain-huggingface faiss-cpu\n\\`\\`\\`\n\n**代码示例**：\n\n\\`\\`\\`python\nfrom langchain.document_loaders import TextLoader\nfrom langchain.text_splitter import CharacterTextSplitter\nfrom langchain.embeddings import HuggingFaceEmbeddings\nfrom langchain.vectorstores import FAISS\nfrom langchain.chains import RetrievalQA\nfrom langchain.llms import HuggingFacePipeline\n\n# 1. 加载文档\nloader = TextLoader(''knowledge_base.txt'')\ndocuments = loader.load()\n\n# 2. 分割文档\ntext_splitter = CharacterTextSplitter(chunk_size=500, chunk_overlap=50)\ntexts = text_splitter.split_documents(documents)\n\n# 3. 创建向量数据库\nembeddings = HuggingFaceEmbeddings(model_name=''sentence-transformers/all-MiniLM-L6-v2'')\nvectorstore = FAISS.from_documents(texts, embeddings)\n\n# 4. 创建检索器\nretriever = vectorstore.as_retriever(search_kwargs={''k'': 3})\n\n# 5. 加载LLM\nllm = HuggingFacePipeline.from_model_id(\n    model_id=''meta-llama/Llama-2-7b-chat-hf'',\n    task=''text-generation'',\n    pipeline_kwargs={''max_new_tokens'': 100}\n)\n\n# 6. 创建RAG链\nqa_chain = RetrievalQA.from_chain_type(\n    llm=llm,\n    retriever=retriever,\n    return_source_documents=True\n)\n\n# 7. 使用RAG系统\nquery = \"What is the capital of France?\"\nresult = qa_chain({''query'': query})\nprint(result[''result''])\nprint(result[''source_documents''])\n\\`\\`\\`\n\n## 3.1.4 使用LlamaIndex实现RAG\n\n**安装LlamaIndex**：\n\n\\`\\`\\`bash\npip install llama-index\n\\`\\`\\`\n\n**代码示例**：\n\n\\`\\`\\`python\nfrom llama_index import VectorStoreIndex, SimpleDirectoryReader\nfrom llama_index.llms import HuggingFaceLLM\nfrom llama_index.prompts import PromptTemplate\n\n# 1. 加载文档\ndocuments = SimpleDirectoryReader(''knowledge_base/'').load_data()\n\n# 2. 创建索引\nindex = VectorStoreIndex.from_documents(documents)\n\n# 3. 配置LLM\nllm = HuggingFaceLLM(\n    model_name=''meta-llama/Llama-2-7b-chat-hf'',\n    tokenizer_name=''meta-llama/Llama-2-7b-chat-hf'',\n    max_new_tokens=100\n)\nindex.set_llm(llm)\n\n# 4. 创建查询引擎\nquery_engine = index.as_query_engine(similarity_top_k=3)\n\n# 5. 使用RAG系统\nquery = \"What is the capital of France?\"\nresponse = query_engine.query(query)\nprint(response)\n\\`\\`\\`\n\n## 3.1.5 RAG的应用场景\n\n**应用**：\n1. **企业知识库**：回答员工问题\n2. **客户支持**：自动回答客户问题\n3. **研究助手**：帮助研究人员查找文献\n4. **个人助理**：管理个人信息\n\n---\n\n## 实战练习\n\n### 练习1：使用LangChain构建RAG系统\n\n**任务**：\n1. 准备一个知识库（如：公司文档、产品手册）\n2. 使用LangChain构建RAG系统\n3. 测试RAG系统的准确性\n\n### 练习2：使用LlamaIndex构建RAG系统\n\n**任务**：\n1. 使用LlamaIndex构建RAG系统\n2. 对比LangChain和LlamaIndex的易用性\n\n---\n\n## 本章小结\n\n在本节中，我们学习了：\n1. **RAG的原理**：检索 + 生成\n2. **RAG系统的架构**：索引、检索、生成\n3. **使用LangChain/LlamaIndex实现RAG**\n4. **应用场景**：企业知识库、客户支持等\n\n**关键要点**：\n- RAG可以缓解幻觉问题\n- RAG可以访问私有数据\n- LangChain和LlamaIndex简化了RAG的实现\n\n**下一节预告**：我们将学习Agent系统。\n\n---\n\n**恭喜你完成了第3章第1节！** 🎉\n        "}]'::jsonb,
  30,
  1
);
INSERT INTO sections(id, chapter_id, title, content_type, content, duration_minutes, sort_order) VALUES(
  '9165f7af-6c6f-5459-51d4-237465d85e7a'::uuid,
  '5fcea28c-cd59-34f5-d942-9cbcf0c606e0'::uuid,
  '3.2 Agent系统',
  'markdown',
  '[{"type":"markdown","content":"\n# 3.2 Agent系统\n\n## 学习目标\n\n通过本节学习，你将能够：\n- 理解Agent的原理\n- 掌握ReAct、Plan-and-Execute等Agent框架\n- 使用LangChain、AutoGPT实现Agent\n- 了解Agent的应用场景\n\n---\n\n## 3.2.1 为什么需要Agent？\n\n**问题**：\n- 大语言模型只能生成文本\n- 无法与外部世界交互\n- 无法执行多步任务\n\n**解决方案**：Agent系统\n- Agent可以使用工具（Tool）\n- Agent可以规划（Planning）\n- Agent可以执行多步任务\n\n## 3.2.2 Agent系统的架构\n\n**核心组件**：\n1. **LLM**：作为Agent的大脑\n2. **工具（Tools）**：Agent可以使用的工具（如：搜索、计算器、API）\n3. **记忆（Memory）**：存储历史对话\n4. **规划（Planning）**：分解任务、制定计划\n\n**工作流程**：\n1. 用户输入任务\n2. Agent使用LLM制定计划\n3. Agent执行计划（使用工具）\n4. Agent观察结果\n5. Agent决定是否继续或结束\n\n## 3.2.3 ReAct框架\n\n**原理**：\n- **Re**asoning（推理）+ **Act**ing（行动）\n- 交替进行推理和行动\n\n**流程**：\n1. **Thought**（思考）：LLM思考下一步\n2. **Action**（行动）：LLM选择工具并执行\n3. **Observation**（观察）：观察工具返回的结果\n4. 重复，直到任务完成\n\n**使用LangChain实现ReAct Agent**：\n\n\\`\\`\\`python\nfrom langchain.agents import initialize_agent, Tool\nfrom langchain.llms import OpenAI\nfrom langchain.tools import DuckDuckGoSearchRun\n\n# 1. 定义工具\nsearch = DuckDuckGoSearchRun()\ntools = [\n    Tool(\n        name=\"Search\",\n        func=search.run,\n        description=\"Useful for when you need to answer questions about current events\"\n    )\n]\n\n# 2. 初始化LLM\nllm = OpenAI(temperature=0)\n\n# 3. 初始化Agent（使用ReAct框架）\nagent = initialize_agent(\n    tools,\n    llm,\n    agent=\"zero-shot-react-description\",\n    verbose=True\n)\n\n# 4. 使用Agent\nresponse = agent.run(\"What is the capital of France?\")\nprint(response)\n\\`\\`\\`\n\n## 3.2.4 Plan-and-Execute框架\n\n**原理**：\n- 先制定计划（Plan）\n- 然后执行计划（Execute）\n\n**使用LangChain实现Plan-and-Execute Agent**：\n\n\\`\\`\\`python\nfrom langchain.agents import create_plan_and_execute_agent\nfrom langchain.llms import OpenAI\nfrom langchain.tools import DuckDuckGoSearchRun, Tool\n\n# 1. 定义工具\nsearch = DuckDuckGoSearchRun()\ntools = [\n    Tool(\n        name=\"Search\",\n        func=search.run,\n        description=\"Useful for when you need to answer questions about current events\"\n    )\n]\n\n# 2. 初始化LLM\nllm = OpenAI(temperature=0)\n\n# 3. 创建Plan-and-Execute Agent\nagent = create_plan_and_execute_agent(\n    llm,\n    tools,\n    verbose=True\n)\n\n# 4. 使用Agent\nresponse = agent.run(\"What is the capital of France and what is its population?\")\nprint(response)\n\\`\\`\\`\n\n## 3.2.5 使用AutoGPT实现Agent\n\n**AutoGPT**：\n- 自动化的GPT Agent\n- 可以自动分解任务、执行任务\n\n**安装AutoGPT**：\n\n\\`\\`\\`bash\npip install autogpt\n\\`\\`\\`\n\n**使用AutoGPT**：\n\n\\`\\`\\`python\nfrom autogpt import AutoGPT\n\n# 1. 创建AutoGPT Agent\nagent = AutoGPT(\n    ai_name=\"ResearchAgent\",\n    ai_role=\"Researcher\",\n    memory=...,\n    llm=...,\n    tools=...\n)\n\n# 2. 运行Agent\nagent.run(\"Research the latest developments in AI\")\n\\`\\`\\`\n\n## 3.2.6 Agent系统的应用场景\n\n**应用**：\n1. **个人助理**：自动安排日程、发送邮件\n2. **研究助手**：自动查找文献、总结论文\n3. **代码助手**：自动生成代码、调试代码\n4. **游戏AI**：自动玩游戏\n\n---\n\n## 实战练习\n\n### 练习1：使用LangChain实现ReAct Agent\n\n**任务**：\n1. 使用LangChain实现一个ReAct Agent\n2. 给Agent添加自定义工具\n3. 测试Agent的性能\n\n### 练习2：使用LangChain实现Plan-and-Execute Agent\n\n**任务**：\n1. 使用LangChain实现一个Plan-and-Execute Agent\n2. 对比ReAct和Plan-and-Execute的性能\n\n---\n\n## 本章小结\n\n在本节中，我们学习了：\n1. **Agent的原理**：使用工具、规划、执行多步任务\n2. **Agent系统的架构**：LLM、工具、记忆、规划\n3. **ReAct框架**：推理 + 行动\n4. **Plan-and-Execute框架**：先计划，后执行\n5. **应用场景**：个人助理、研究助手等\n\n**关键要点**：\n- Agent可以扩展LLM的能力\n- ReAct适合简单任务\n- Plan-and-Execute适合复杂任务\n\n**下一节预告**：我们将学习多模态系统。\n\n---\n\n**恭喜你完成了第3章第2节！** 🎉\n        "}]'::jsonb,
  30,
  2
);
INSERT INTO sections(id, chapter_id, title, content_type, content, duration_minutes, sort_order) VALUES(
  'b44ece44-636b-4473-741e-013ac97a807f'::uuid,
  '5fcea28c-cd59-34f5-d942-9cbcf0c606e0'::uuid,
  '3.3 多模态系统',
  'markdown',
  '[{"type":"markdown","content":"\n# 3.3 多模态系统\n\n## 学习目标\n\n通过本节学习，你将能够：\n- 理解多模态模型的原理\n- 掌握CLIP、DAL-E、Stable Diffusion等模型\n- 使用Hugging Face Transformers进行多模态任务\n- 了解多模态系统的应用场景\n\n---\n\n## 3.3.1 什么是多模态？\n\n**定义**：\n- 处理多种模态的数据（文本、图像、音频、视频）\n- 实现跨模态的理解和生成\n\n**代表性模型**：\n- **CLIP**（OpenAI）：图像-文本对比学习\n- **DAL-E**（OpenAI）：文本生成图像\n- **Stable Diffusion**：文本生成图像（开源）\n- **GPT-4V**：多模态大语言模型\n\n## 3.3.2 CLIP（Contrastive Language-Image Pre-training）\n\n**原理**：\n- 使用对比学习（Contrastive Learning）\n- 将图像和文本映射到同一嵌入空间\n\n**使用Hugging Face Transformers**：\n\n\\`\\`\\`python\nfrom transformers import CLIPProcessor, CLIPModel\nimport torch\n\n# 加载预训练的CLIP模型和处理器\nmodel = CLIPModel.from_pretrained(\"openai/clip-vit-base-patch32\")\nprocessor = CLIPProcessor.from_pretrained(\"openai/clip-vit-base-patch32\")\n\n# 准备输入\nimages = [\"image1.jpg\", \"image2.jpg\"]\ntexts = [\"a cat\", \"a dog\"]\n\n# 处理输入\ninputs = processor(text=texts, images=images, return_tensors=\"pt\", padding=True)\n\n# 获取图像和文本的嵌入\nwith torch.no_grad():\n    outputs = model(**inputs)\n    image_embeddings = outputs.image_embeds\n    text_embeddings = outputs.text_embeds\n\n# 计算相似度\nsimilarity = torch.matmul(image_embeddings, text_embeddings.T)\nprint(similarity)\n\\`\\`\\`\n\n## 3.3.3 DAL-E（文本生成图像）\n\n**原理**：\n- 使用Transformer架构\n- 将文本编码为隐空间，然后生成图像\n\n**使用Hugging Face Transformers**：\n\n\\`\\`\\`python\nfrom transformers import DalleBartProcessor, DalleBartForConditionalGeneration\nimport torch\n\n# 加载预训练的DAL-E模型\nprocessor = DalleBartProcessor.from_pretrained(\"dalle-mini/dalle-mini\")\nmodel = DalleBartForConditionalGeneration.from_pretrained(\"dalle-mini/dalle-mini\")\n\n# 准备输入\nprompt = \"a cat sitting on a mat\"\ninputs = processor(prompt, return_tensors=\"pt\")\n\n# 生成图像\nwith torch.no_grad():\n    outputs = model.generate(**inputs, num_return_sequences=4)\n    images = processor.decode(outputs)\n\n# 保存图像\nfor i, image in enumerate(images):\n    image.save(f\"output_{i}.png\")\n\\`\\`\\`\n\n## 3.3.4 Stable Diffusion（文本生成图像）\n\n**原理**：\n- 使用扩散模型（Diffusion Model）\n- 逐步去噪生成图像\n\n**使用Diffusers库**：\n\n\\`\\`\\`python\nfrom diffusers import StableDiffusionPipeline\nimport torch\n\n# 加载预训练的Stable Diffusion模型\npipe = StableDiffusionPipeline.from_pretrained(\n    \"CompVis/stable-diffusion-v1-4\",\n    torch_dtype=torch.float16\n).to(\"cuda\")\n\n# 生成图像\nprompt = \"a cat sitting on a mat\"\nimage = pipe(prompt).images[0]\n\n# 保存图像\nimage.save(\"output.png\")\n\\`\\`\\`\n\n## 3.3.5 多模态系统的应用场景\n\n**应用**：\n1. **图像搜索**：使用文本搜索图像\n2. **图像生成**：根据文本描述生成图像\n3. **视觉问答**：回答关于图像的问题\n4. **图像描述**：生成图像的描述\n\n---\n\n## 实战练习\n\n### 练习1：使用CLIP进行图像-文本检索\n\n**任务**：\n1. 使用CLIP计算图像和文本的相似度\n2. 实现图像搜索系统\n\n### 练习2：使用Stable Diffusion生成图像\n\n**任务**：\n1. 使用Stable Diffusion生成图像\n2. 调整生成参数，观察效果\n\n---\n\n## 本章小结\n\n在本节中，我们学习了：\n1. **多模态的定义**：处理多种模态的数据\n2. **CLIP的原理**：图像-文本对比学习\n3. **DAL-E/Stable Diffusion的原理**：文本生成图像\n4. **应用场景**：图像搜索、图像生成等\n\n**关键要点**：\n- CLIP可以将图像和文本映射到同一嵌入空间\n- DAL-E和Stable Diffusion可以生成高质量图像\n- 多模态系统有很多实际应用\n\n**下一章预告**：我们将学习前沿技术与未来趋势。\n\n---\n\n**恭喜你完成了第3章！** 🎉🎉🎉\n        "}]'::jsonb,
  30,
  3
);

INSERT INTO chapters(id, course_id, title, sort_order) VALUES(
  '077f6d15-0dda-c9b6-dddc-d0f62205ffeb'::uuid,
  '27e31340-8880-b0df-de43-f6de479e188c'::uuid,
  '第4章：前沿技术与未来趋势',
  4
);
INSERT INTO sections(id, chapter_id, title, content_type, content, duration_minutes, sort_order) VALUES(
  'a7d71b83-bd70-1b40-bd6b-53ddb7fd1367'::uuid,
  '077f6d15-0dda-c9b6-dddc-d0f62205ffeb'::uuid,
  '4.1 多模态大模型',
  'markdown',
  '[{"type":"markdown","content":"\n# 4.1 多模态大模型\n\n## 学习目标\n\n通过本节学习，你将能够：\n- 了解多模态大模型的最新进展\n- 掌握GPT-4V、LLaVA、Flamingo等模型\n- 了解多模态大模型的训练方法\n- 了解多模态大模型的应用场景\n\n---\n\n## 4.1.1 什么是多模态大模型？\n\n**定义**：\n- 可以处理多种模态的大语言模型\n- 例如：GPT-4V（可以处理图像和文本）\n\n**代表性模型**：\n- **GPT-4V**（OpenAI）：多模态大语言模型\n- **LLaVA**（开源）：大型语言视觉助手\n- **Flamingo**（DeepMind）：视觉语言模型\n- **Gemini**（Google）：多模态大语言模型\n\n## 4.1.2 GPT-4V（GPT-4 with Vision）\n\n**能力**：\n- 可以处理图像和文本\n- 可以回答关于图像的问题\n- 可以生成图像描述\n\n**使用OpenAI API**：\n\n\\`\\`\\`python\nimport openai\nimport base64\n\n# 1. 将图像转换为base64\ndef encode_image(image_path):\n    with open(image_path, \"rb\") as image_file:\n        return base64.b64encode(image_file.read()).decode(''utf-8'')\n\n# 2. 调用GPT-4V API\nresponse = openai.ChatCompletion.create(\n    model=\"gpt-4-vision-preview\",\n    messages=[\n        {\n            \"role\": \"user\",\n            \"content\": [\n                {\"type\": \"text\", \"text\": \"What is in this image?\"},\n                {\n                    \"type\": \"image_url\",\n                    \"image_url\": {\n                        \"url\": f\"data:image/jpeg;base64,{encode_image(''image.jpg'')}\"\n                    }\n                }\n            ]\n        }\n    ],\n    max_tokens=300\n)\n\nprint(response.choices[0].message.content)\n\\`\\`\\`\n\n## 4.1.3 LLaVA（Large Language and Vision Assistant）\n\n**原理**：\n- 使用CLIP作为视觉编码器\n- 使用Vicuna（LLaMA的微调版）作为语言模型\n- 通过投影层将视觉特征映射到语言空间\n\n**使用LLaVA**：\n\n\\`\\`\\`python\nfrom transformers import LlavaForConditionalGeneration, LlavaProcessor\nimport torch\nfrom PIL import Image\n\n# 加载预训练的LLaVA模型和处理器\nmodel = LlavaForConditionalGeneration.from_pretrained(\"llava-hf/llava-1.5-7b-hf\")\nprocessor = LlavaProcessor.from_pretrained(\"llava-hf/llava-1.5-7b-hf\")\n\n# 准备输入\nimage = Image.open(\"image.jpg\")\nprompt = \"What is in this image?\"\n\n# 处理输入\ninputs = processor(prompt, image, return_tensors=\"pt\").to(\"cuda\")\n\n# 生成回答\nwith torch.no_grad():\n    outputs = model.generate(**inputs, max_new_tokens=100)\n\n# 解码输出\nresponse = processor.decode(outputs[0], skip_special_tokens=True)\nprint(response)\n\\`\\`\\`\n\n## 4.1.4 多模态大模型的训练方法\n\n**训练方法**：\n1. **预训练**：在大规模图像-文本对上预训练\n2. **指令微调**：使用指令-响应对进行微调\n3. **人类对齐**：使用RLHF使模型输出更符合人类偏好\n\n## 4.1.5 多模态大模型的应用场景\n\n**应用**：\n1. **图像问答**：回答关于图像的问题\n2. **图像描述**：生成图像的描述\n3. **视觉对话**：进行关于图像的对话\n4. **文档理解**：理解包含图像和文本的文档\n\n---\n\n## 实战练习\n\n### 练习1：使用GPT-4V API\n\n**任务**：\n1. 申请OpenAI API密钥\n2. 使用GPT-4V API进行图像问答\n\n### 练习2：使用LLaVA进行图像问答\n\n**任务**：\n1. 安装LLaVA\n2. 使用LLaVA进行图像问答\n\n---\n\n## 本章小结\n\n在本节中，我们学习了：\n1. **多模态大模型的定义**：可以处理多种模态的大语言模型\n2. **GPT-4V的原理**：多模态大语言模型\n3. **LLaVA的原理**：使用CLIP和Vicuna\n4. **训练方法**：预训练、指令微调、人类对齐\n5. **应用场景**：图像问答、图像描述等\n\n**关键要点**：\n- 多模态大模型可以处理图像和文本\n- GPT-4V是多模态大模型的代表\n- LLaVA是开源的多模态大模型\n\n**下一节预告**：我们将学习具身智能。\n\n---\n\n**恭喜你完成了第4章第1节！** 🎉\n        "}]'::jsonb,
  30,
  1
);
INSERT INTO sections(id, chapter_id, title, content_type, content, duration_minutes, sort_order) VALUES(
  'd057953a-109f-3fe4-604b-b337e807c90c'::uuid,
  '077f6d15-0dda-c9b6-dddc-d0f62205ffeb'::uuid,
  '4.2 具身智能（Embodied AI）',
  'markdown',
  '[{"type":"markdown","content":"\n# 4.2 具身智能（Embodied AI）\n\n## 学习目标\n\n通过本节学习，你将能够：\n- 理解具身智能的概念\n- 了解具身智能的最新进展\n- 了解具身智能的应用场景\n- 了解具身智能的挑战\n\n---\n\n## 4.2.1 什么是具身智能？\n\n**定义**：\n- AI不仅要有\"大脑\"（算法），还要有\"身体\"（机器人）\n- 通过与物理世界交互来学习\n\n**代表性工作**：\n- **RT-2**（Google）：机器人视觉-语言-动作模型\n- **PaLM-E**（Google）：具身多模态语言模型\n- **VoxPoser**（Stanford）：机器人学习\n\n## 4.2.2 RT-2（Robotics Transformer 2）\n\n**原理**：\n- 基于VLM（Vision-Language Model）\n- 输出机器人动作（离散化）\n\n**特点**：\n- 可以执行复杂指令（如：\"捡起即将从桌子上掉下来的物体\"）\n- 可以泛化到新任务\n\n## 4.2.3 PaLM-E\n\n**原理**：\n- 多模态语言模型\n- 可以接受图像、状态估计等输入\n- 输出文本响应或机器人动作\n\n**特点**：\n- 多模态输入\n- 多任务学习（视觉问答、图像描述、机器人规划）\n\n## 4.2.4 具身智能的应用场景\n\n**应用**：\n1. **家庭机器人**：做家务、照顾老人\n2. **仓储机器人**：搬运货物\n3. **医疗机器人**：辅助手术\n4. **探索机器人**：太空探索、深海探索\n\n## 4.2.5 具身智能的挑战\n\n**挑战**：\n1. **数据稀缺**：真实世界数据难以获取\n2. **仿真到现实的迁移**：仿真环境训练的策略难以迁移到真实世界\n3. **安全性和鲁棒性**：在真实世界中保证安全很难\n\n---\n\n## 实战练习\n\n### 练习1：了解RT-2\n\n**任务**：\n1. 阅读RT-2的论文\n2. 了解RT-2的原理和应用\n\n### 练习2：了解PaLM-E\n\n**任务**：\n1. 阅读PaLM-E的论文\n2. 了解PaLM-E的原理和应用\n\n---\n\n## 本章小结\n\n在本节中，我们学习了：\n1. **具身智能的定义**：AI要有\"身体\"\n2. **RT-2的原理**：基于VLM的机器人模型\n3. **PaLM-E的原理**：多模态语言模型\n4. **应用场景**：家庭、仓储、医疗等\n5. **挑战**：数据稀缺、仿真到现实的迁移等\n\n**关键要点**：\n- 具身智能是AI的重要方向\n- RT-2和PaLM-E是代表性工作\n- 具身智能有很多实际应用\n\n**下一节预告**：我们将学习AI安全。\n\n---\n\n**恭喜你完成了第4章第2节！** 🎉\n        "}]'::jsonb,
  30,
  2
);
INSERT INTO sections(id, chapter_id, title, content_type, content, duration_minutes, sort_order) VALUES(
  '610ca4d6-659a-e28f-4f30-ccdc0f849087'::uuid,
  '077f6d15-0dda-c9b6-dddc-d0f62205ffeb'::uuid,
  '4.3 AI安全与对齐',
  'markdown',
  '[{"type":"markdown","content":"\n# 4.3 AI安全与对齐\n\n## 学习目标\n\n通过本节学习，你将能够：\n- 理解AI安全和对齐的问题\n- 了解对抗攻击、数据投毒等攻击方法\n- 了解AI对齐的方法（如RLHF）\n- 了解AI安全的应用场景\n\n---\n\n## 4.3.1 什么是AI安全？\n\n**定义**：\n- 防止AI系统被恶意利用\n- 确保AI系统的行为符合人类价值观\n\n**问题**：\n1. **对抗攻击**（Adversarial Attacks）：通过微小扰动欺骗AI系统\n2. **数据投毒**（Data Poisoning）：通过污染训练数据影响模型行为\n3. **模型窃取**（Model Stealing）：通过查询API窃取模型\n4. **有害内容生成**：大模型生成有害内容\n\n## 4.3.2 对抗攻击（Adversarial Attacks）\n\n**原理**：\n- 在输入中添加微小扰动\n- 导致模型做出错误预测\n\n**示例**：\n- 在图像中添加噪声，导致图像分类模型错误分类\n- 在文本中添加特殊字符，导致文本分类模型错误分类\n\n**防御方法**：\n1. **对抗训练**（Adversarial Training）：在训练时加入对抗样本\n2. **输入检测**（Input Detection）：检测输入是否为对抗样本\n3. **随机化**（Randomization）：对输入进行随机变换\n\n## 4.3.3 AI对齐（AI Alignment）\n\n**问题**：\n- 大模型可能生成有害内容\n- 大模型的价值观可能与人类不一致\n\n**解决方案**：AI对齐（AI Alignment）\n- 使AI系统的行为符合人类价值观\n\n**方法**：\n1. **RLHF**（Reinforcement Learning from Human Feedback）：通过人类反馈进行强化学习\n2. **Constitutional AI**：通过宪法原则指导AI行为\n3. **Red Teaming**：通过模拟攻击发现AI系统的漏洞\n\n## 4.3.4 AI安全的应用场景\n\n**应用**：\n1. **内容审核**：防止AI生成有害内容\n2. **隐私保护**：防止AI泄露隐私信息\n3. **模型保护**：防止模型被窃取或攻击\n4. **安全部署**：确保AI系统安全部署\n\n---\n\n## 实战练习\n\n### 练习1：实现对抗攻击\n\n**任务**：\n1. 使用FGSM（Fast Gradient Sign Method）生成对抗样本\n2. 测试对抗样本的效果\n\n### 练习2：了解RLHF\n\n**任务**：\n1. 阅读RLHF的论文\n2. 了解RLHF的原理和应用\n\n---\n\n## 本章小结\n\n在本节中，我们学习了：\n1. **AI安全的定义**：防止AI系统被恶意利用\n2. **对抗攻击的原理**：通过微小扰动欺骗AI系统\n3. **AI对齐的方法**：RLHF、Constitutional AI、Red Teaming\n4. **应用场景**：内容审核、隐私保护等\n\n**关键要点**：\n- AI安全是一个重要问题\n- 对抗攻击可以欺骗AI系统\n- AI对齐可以使AI系统更符合人类价值观\n\n**下一节预告**：我们将学习未来趋势。\n\n---\n\n**恭喜你完成了第4章第3节！** 🎉\n        "}]'::jsonb,
  30,
  3
);
INSERT INTO sections(id, chapter_id, title, content_type, content, duration_minutes, sort_order) VALUES(
  '351658ba-cf8e-c59e-19cc-d9fa8244a538'::uuid,
  '077f6d15-0dda-c9b6-dddc-d0f62205ffeb'::uuid,
  '4.4 未来趋势',
  'markdown',
  '[{"type":"markdown","content":"\n# 4.4 未来趋势\n\n## 学习目标\n\n通过本节学习，你将能够：\n- 了解AI的未来趋势\n- 了解AGI（通用人工智能）的可能性\n- 了解AI的伦理和社会影响\n- 了解AI的研究方向\n\n---\n\n## 4.4.1 AI的未来趋势\n\n**趋势**：\n1. **更大的模型**：参数规模继续增长\n2. **多模态**：处理更多模态（文本、图像、音频、视频）\n3. **具身智能**：AI与物理世界交互\n4. **AI对齐**：使AI更符合人类价值观\n5. **边缘AI**：在边缘设备上部署AI\n\n## 4.4.2 AGI（通用人工智能）\n\n**定义**：\n- 具有通用智能的AI\n- 可以执行任何人类可以执行的任务\n\n**现状**：\n- 当前的AI是ANI（窄义人工智能）\n- AGI仍然是一个遥远的目标\n\n**挑战**：\n1. **认知能力**：推理、规划、创造力\n2. **迁移学习**：将一个任务上学到的知识迁移到另一个任务\n3. **常识知识**：理解常识知识\n\n## 4.4.3 AI的伦理和社会影响\n\n**问题**：\n1. **失业**：AI可能取代人类工作\n2. **偏见**：AI可能放大社会偏见\n3. **隐私**：AI可能侵犯隐私\n4. **安全**：AI可能被恶意利用\n\n**解决方案**：\n1. **政策制定**：制定AI伦理和政策\n2. **教育培训**：培训被AI取代的工人\n3. **技术研究**：研究公平、可解释、隐私保护的AI\n\n## 4.4.4 AI的研究方向\n\n**方向**：\n1. **更高效的学习**：少样本学习、零样本学习\n2. **更可解释的AI**：理解AI的决策过程\n3. **更鲁棒的AI**：对抗攻击、分布外检测\n4. **更高效的部署**：模型压缩、量化、蒸馏\n\n---\n\n## 实战练习\n\n### 练习1：思考AI的未来\n\n**任务**：\n1. 思考AI的未来趋势\n2. 写一篇短文，描述你认为AI在未来10年的发展\n\n### 练习2：思考AI的伦理问题\n\n**任务**：\n1. 思考AI可能带来的伦理问题\n2. 写一篇短文，描述如何应对这些伦理问题\n\n---\n\n## 本章小结\n\n在本节中，我们学习了：\n1. **AI的未来趋势**：更大的模型、多模态、具身智能等\n2. **AGI的定义**：具有通用智能的AI\n3. **AI的伦理和社会影响**：失业、偏见、隐私、安全\n4. **AI的研究方向**：更高效的学习、更可解释的AI等\n\n**关键要点**：\n- AI发展迅速，未来有很多可能性\n- AGI仍然是一个遥远的目标\n- AI的伦理和社会影响需要认真对待\n\n---\n\n## 课程总结\n\n恭喜你完成了L5课程！在本课程中，我们学习了：\n1. **大模型原理**：GPT、LLaMA等\n2. **大模型训练技术**：分布式训练、混合精度训练等\n3. **大模型部署与优化**：推理优化、量化、压缩等\n4. **AI系统设计与实践**：RAG、Agent、多模态等\n5. **前沿技术与未来趋势**：多模态大模型、具身智能、AI安全等\n\n**关键要点**：\n- 大模型是当前AI的核心\n- 大模型训练和部署需要专业技术\n- AI系统正在快速发展\n- AI的未来充满机遇和挑战\n\n**恭喜你完成了整个L1-L5课程体系！** 🎉🎉🎉\n\n希望你通过这些课程，能够掌握AI的核心技术，并能够应用到实际工作中。\n\n祝你在AI的道路上越走越远！ 🚀\n        "}]'::jsonb,
  30,
  4
);

-- Verify:
SELECT c.level, c.title, COUNT(DISTINCT ch.id) as chs, COUNT(DISTINCT s.id) as secs
FROM courses c
LEFT JOIN chapters ch ON c.id = ch.course_id
LEFT JOIN sections s ON ch.id = s.chapter_id
GROUP BY c.level, c.title
ORDER BY c.level;
COMMIT;
